Kepler-529 d,2606,8.22 Earths,13.779,2021,
Kepler-52 b,1049,0.42476 Jupiters,15.513,2012,
Kepler-52 c,1049,0.14284 Jupiters,15.513,2012,
Kepler-52 d,1049,4.46 Earths,15.513,2014,
Kepler-530 b,1493,9.32 Earths,13.502,2016,
Kepler-531 b,825,8.15 Earths,13.566,2016,
Kepler-532 b,1020,7.13 Earths,13.74,2016,
Kepler-533 b,988,11.4 Earths,14.128,2016,
Kepler-534 b,1861,5.65 Earths,13.387,2016,
Kepler-534 c,1861,2.02 Earths,13.387,2021,
Kepler-535 b,2236,6.17 Earths,13.209,2016,
Kepler-536 b,1508,9.8 Earths,14.032,2016,
Kepler-537 b,1433,2.57 Earths,13.173,2016,
Kepler-538 b,509,12.9 Earths,11.27,2016,
Kepler-539 b,1002,0.97 Jupiters,12.444,2016,
Kepler-539 c,1002,2.4 Jupiters,12.444,2016,
Kepler-53 b,4456,0.34925 Jupiters,15.367,2012,
Kepler-53 c,4456,36 Earths,15.367,2012,
Kepler-53 d,4456,5.14 Earths,15.367,2014,
Kepler-540 b,1273,7.8 Earths,12.293,2016,
Kepler-541 b,3460,11.2 Earths,13.383,2016,
Kepler-542 b,1422,3.09 Earths,13.606,2016,
Kepler-543 b,724,6.8 Earths,13.598,2016,
Kepler-544 b,3142,5.14 Earths,13.667,2016,
Kepler-545 b,2668,7.7 Earths,14.205,2016,
Kepler-546 b,3326,39.1 Earths,14.325,2016,
Kepler-547 b,1236,15.1 Earths,14.48,2016,
Kepler-548 b,2452,Unknown,15.266,2016,
Kepler-549 b,2072,11 Earths,14.805,2016,
Kepler-549 c,2072,8.91 Earths,14.805,2016,
Kepler-549 d,2072,16.4 Earths,14.805,2023,
Kepler-54 b,886,21.5 Earths,16.282,2012,
Kepler-54 c,886,19.8 Earths,16.282,2012,
Kepler-54 d,886,2.96 Earths,16.282,2014,
Kepler-550 b,1735,17.9 Earths,14.626,2016,
Kepler-551 b,1015,7.9 Earths,15.278,2016,
Kepler-552 b,2752,14.8 Earths,14.476,2016,
Kepler-553 b,2376,19.4 Earths,15.034,2016,
Kepler-553 c,2376,Unknown,15.034,2016,
Kepler-554 b,2252,17 Earths,14.49,2016,
Kepler-555 b,3174,8.4 Earths,14.448,2016,
Kepler-556 b,2201,5.65 Earths,14.316,2016,
Kepler-557 b,6841,7.61 Earths,14.723,2016,
Kepler-558 b,2159,6.21 Earths,14.899,2016,
Kepler-559 b,2534,12.7 Earths,14.863,2016,
Kepler-55 b,1888,0.135 Jupiters,15.746,2012,
Kepler-55 c,1888,0.22 Jupiters,15.746,2012,
Kepler-55 d,1888,3.15 Earths,15.746,2014,
Kepler-55 e,1888,3.02 Earths,15.746,2014,
Kepler-55 f,1888,3.15 Earths,15.746,2014,
Kepler-560 b,357,3.61 Earths,15.66,2016,
Kepler-561 b,2027,38.7 Earths,14.427,2016,
Kepler-561 c,2027,7.65 Earths,14.427,2016,
Kepler-562 b,3238,23.7 Earths,14.908,2016,
Kepler-563 b,1844,9.75 Earths,14.901,2016,
Kepler-564 b,2815,19.4 Earths,14.883,2016,
Kepler-565 b,3396,12.9 Earths,15.231,2016,
Kepler-566 b,1841,5.27 Earths,15.217,2016,
Kepler-567 b,1823,5.69 Earths,14.827,2016,
Kepler-568 b,426,5.73 Earths,15.216,2016,
Kepler-569 b,2082,10.1 Earths,14.244,2016,
Kepler-56 b,2978,22.1 Earths,12.598,2012,
Kepler-56 c,2978,0.57 Jupiters,12.598,2012,
Kepler-56 d,2978,5.61 Jupiters,12.598,2016,
Kepler-570 b,1853,6.57 Earths,14.451,2016,
Kepler-571 b,2361,7.46 Earths,14.951,2016,
Kepler-572 b,1646,7.18 Earths,14.679,2016,
Kepler-573 b,2517,8.2 Earths,14.292,2016,
Kepler-574 b,2228,6.3 Earths,14.671,2016,
Kepler-575 b,2786,6.3 Earths,14.864,2016,
Kepler-576 b,2014,10.7 Earths,14.627,2016,
Kepler-577 b,1710,7.04 Earths,15.155,2016,
Kepler-578 b,1766,4.66 Earths,14.578,2016,
Kepler-579 b,1731,4.66 Earths,14.552,2016,
Kepler-57 b,2101,0.36183 Jupiters,15.017,2012,
Kepler-57 c,2101,9.1 Earths,15.017,2012,
Kepler-580 b,1057,7.13 Earths,15.308,2016,
Kepler-581 b,2296,7.41 Earths,14.701,2016,
Kepler-582 b,2000,13.1 Earths,15.097,2016,
Kepler-583 b,2829,5.82 Earths,14.883,2016,
Kepler-584 b,6031,16.5 Earths,14.973,2016,
Kepler-585 b,1909,8.4 Earths,14.188,2016,
Kepler-586 b,2263,8.2 Earths,14.435,2016,
Kepler-587 b,2570,5.6 Earths,15.011,2016,
Kepler-588 b,3945,7.41 Earths,14.8,2016,
Kepler-589 b,1999,5.77 Earths,14.775,2016,
Kepler-589 c,1999,1.45 Earths,14.775,2021,
Kepler-58 b,3162,35.5 Earths,15.086,2012,
Kepler-58 c,3162,0.16676 Jupiters,15.086,2012,
Kepler-58 d,3162,8.96 Earths,15.086,2014,
Kepler-58 e,3162,3.22 Earths,15.086,2023,
Kepler-590 b,4638,15.2 Earths,14.554,2016,
Kepler-591 b,2561,11.4 Earths,14.628,2016,
Kepler-592 b,3762,6.3 Earths,14.846,2016,
Kepler-593 b,3176,8.6 Earths,14.622,2016,
Kepler-594 b,2509,5.39 Earths,14.906,2016,
Kepler-595 b,2097,17.4 Earths,15.067,2016,
Kepler-595 c,2097,3.3 Earths,15.067,2020,
Kepler-596 b,3340,11.8 Earths,14.128,2016,
Kepler-597 b,2164,6.21 Earths,14.12,2016,
Kepler-598 b,2222,2.86 Earths,14.829,2016,
Kepler-598 c,2222,9.4 Earths,14.829,2020,
Kepler-599 b,1822,8.45 Earths,15.067,2016,
Kepler-59 b,3794,1.37 Earths,14.467,2012,
Kepler-59 c,3794,4.58 Earths,14.467,2012,
Kepler-5 b,2935,2.111 Jupiters,13.325,2009,
Kepler-600 b,2022,8.75 Earths,14.846,2016,
Kepler-601 b,1353,4.27 Earths,14.151,2016,
Kepler-602 b,3782,5.02 Earths,14.72,2016,
Kepler-603 b,5022,7.51 Earths,14.969,2016,
Kepler-603 c,5022,34.5 Earths,14.969,2016,
Kepler-603 d,5022,2.3 Earths,14.969,2016,
Kepler-604 b,3348,7.22 Earths,14.791,2016,
Kepler-605 b,1816,2.67 Earths,14.376,2016,
Kepler-605 c,1816,0.566 Earths,14.376,2016,
Kepler-606 b,3964,11 Earths,14.895,2016,
Kepler-607 b,1693,0.59 Earths,14.672,2016,
Kepler-607 c,1693,8.05 Earths,14.672,2021,
Kepler-608 b,3088,12.9 Earths,14.84,2016,
Kepler-609 b,3477,11.2 Earths,14.96,2016,
Kepler-60 b,3344,4.19 Earths,13.95,2012,
Kepler-60 c,3344,3.85 Earths,13.95,2012,
Kepler-60 d,3344,4.16 Earths,13.95,2012,
Kepler-610 b,2759,16.3 Earths,14.816,2016,
Kepler-610 c,2759,10.9 Earths,14.816,2016,
Kepler-611 b,4552,3.36 Earths,14.734,2016,
Kepler-612 b,4715,8.45 Earths,15.191,2016,
Kepler-613 b,2810,5.86 Earths,14.795,2016,
Kepler-614 b,1722,6.3 Earths,14.81,2016,
Kepler-615 b,1076,3.68 Earths,14.623,2016,
Kepler-616 b,3085,6.48 Earths,15.021,2016,
Kepler-616 c,3085,11.5 Earths,15.021,2016,
Kepler-616 d,3085,7.52 Earths,15.021,2021,
Kepler-617 b,565,2.3 Earths,15.549,2016,
Kepler-618 b,3986,7.27 Earths,15.087,2016,
Kepler-618 d,2938,16.2 Earths,14.84,2023,
Kepler-619 b,2938,10.1 Earths,14.84,2016,
Kepler-619 c,2938,3.5 Earths,14.84,2016,
Kepler-61 b,1093,5.27 Earths,15.277,2013,
Kepler-620 b,4421,11 Earths,14.844,2016,
Kepler-621 b,1269,5.9 Earths,15.22,2016,
Kepler-622 b,929,5.18 Earths,15.052,2016,
Kepler-623 b,2406,9.32 Earths,15.028,2016,
Kepler-624 b,2441,5.95 Earths,13.637,2016,
Kepler-625 b,2481,4.62 Earths,13.395,2016,
Kepler-625 c,2481,1.16 Earths,13.395,2016,
Kepler-626 b,2073,5.86 Earths,14.086,2016,
Kepler-627 b,3211,13.4 Earths,14.181,2016,
Kepler-628 b,2929,0.168 Jupiters,13.138,2016,
Kepler-629 b,1214,2.48 Earths,13.481,2016,
Kepler-62 b,981,9 Earths,13.965,2013,
Kepler-62 c,981,4 Earths,13.965,2013,
Kepler-62 d,981,14 Earths,13.965,2013,
Kepler-62 e,981,36 Earths,13.965,2013,
Kepler-62 f,981,35 Earths,13.965,2013,
Kepler-630 b,2739,10.2 Earths,14.001,2016,
Kepler-631 b,2486,8.75 Earths,13.563,2016,
Kepler-632 b,1138,5.52 Earths,13.442,2016,
Kepler-633 b,2220,3.29 Earths,13.812,2016,
Kepler-633 c,2220,5.89 Earths,13.812,2021,
Kepler-634 b,2897,4.23 Earths,13.626,2016,
Kepler-635 b,3722,7.46 Earths,13.36,2016,
Kepler-636 b,1012,18.1 Earths,13.906,2016,
Kepler-637 b,2564,20.2 Earths,13.5,2016,
Kepler-638 b,3233,4.01 Earths,13.658,2016,
Kepler-639 b,2773,6.26 Earths,13.358,2016,
Kepler-63 b,633,0.378 Jupiters,12.02,2013,
Kepler-640 b,1820,7.08 Earths,13.885,2016,
Kepler-641 b,3164,4.08 Earths,13.807,2016,
Kepler-642 b,2550,8.75 Earths,13.335,2016,
Kepler-643 b,3469,1.01 Jupiters,13.988,2016,
Kepler-644 b,4299,10.1 Earths,14.031,2016,
Kepler-645 b,3828,5.06 Earths,13.944,2016,
Kepler-646 b,1474,4.62 Earths,14.026,2016,
Kepler-647 b,3549,1.71 Earths,14.067,2016,
Kepler-647 c,3549,15.1 Earths,14.067,2020,
Kepler-648 b,2075,10.5 Earths,14.027,2016,
Kepler-649 b,1676,5.73 Earths,13.556,2016,
Kepler-650 b,2885,9.06 Earths,13.825,2016,
Kepler-651 b,1662,6.21 Earths,14.233,2016,
Kepler-652 b,1287,6.76 Earths,13.618,2016,
Kepler-653 b,1943,4.46 Earths,13.498,2016,
Kepler-653 c,1943,0.399 Earths,13.498,2016,
Kepler-654 b,3178,4.94 Earths,13.762,2016,
Kepler-655 b,2455,7.8 Earths,13.568,2016,
Kepler-656 b,2904,9.91 Earths,15.549,2016,
Kepler-656 c,2904,2.57 Earths,15.549,2023,
Kepler-657 b,5519,12.2 Earths,15.404,2016,
Kepler-658 b,1267,3.29 Earths,16.44,2016,
Kepler-659 b,2357,6.8 Earths,15.758,2016,
Kepler-65 b,991,2.4 Earths,10.922,2012,
Kepler-65 c,991,5.4 Earths,10.922,2012,
Kepler-65 d,991,4.14 Earths,10.922,2012,
Kepler-65 e,991,0.82 Jupiters,10.922,2019,
Kepler-660 b,1854,7.13 Earths,15.559,2016,
Kepler-661 b,1744,9.64 Earths,16.016,2016,
Kepler-662 b,2661,5.39 Earths,15.598,2016,
Kepler-663 b,3468,7.27 Earths,15.881,2016,
Kepler-664 b,3947,7.56 Earths,15.663,2016,
Kepler-665 b,1999,7.27 Earths,15.612,2016,
Kepler-666 b,4921,6.35 Earths,15.422,2016,
Kepler-667 b,7511,20.1 Earths,15.362,2016,
Kepler-668 b,2559,7.75 Earths,15.365,2016,
Kepler-669 b,6731,20.8 Earths,15.742,2016,
Kepler-66 b,3924,8.25 Earths,15.29,2013,
Kepler-670 b,3065,Unknown,15.162,2016,
Kepler-671 b,3811,7.7 Earths,15.491,2016,
Kepler-672 b,3373,6.8 Earths,15.513,2016,
Kepler-673 b,2995,34.8 Earths,15.592,2016,
Kepler-674 b,1116,3.5 Earths,15.569,2016,
Kepler-675 b,2171,6.53 Earths,15.605,2016,
Kepler-676 b,963,9.48 Earths,17.15,2016,
Kepler-677 b,6374,25 Earths,15.504,2016,
Kepler-678 b,5957,23.1 Earths,15.161,2016,
Kepler-679 b,3008,9.32 Earths,15.771,2016,
Kepler-67 b,3690,8.96 Earths,16.172,2013,
Kepler-680 b,4868,6.44 Earths,15.321,2016,
Kepler-681 b,2241,9.69 Earths,15.584,2016,
Kepler-682 b,6456,0.134 Jupiters,15.556,2016,
Kepler-683 b,3337,4.54 Earths,15.072,2016,
Kepler-684 b,5647,11.2 Earths,15.695,2016,
Kepler-685 b,3062,0.248 Jupiters,15.186,2016,
Kepler-686 b,4863,Unknown,16.02,2016,
Kepler-687 b,2067,12.2 Earths,15.695,2016,
Kepler-688 b,4429,0.216 Jupiters,15.805,2016,
Kepler-689 b,3692,8.7 Earths,15.938,2016,
Kepler-68 b,470,8.03 Earths,10.077,2013,
Kepler-68 c,470,1.3 Earths,10.077,2013,
Kepler-68 d,470,0.84007 Jupiters,10.077,2013,
Kepler-68 e,470,0.272 Jupiters,10.077,2023,
Kepler-690 b,5432,29.6 Earths,15.701,2016,
Kepler-691 b,910,5.02 Earths,16.6,2016,
Kepler-692 b,3234,9.85 Earths,15.676,2016,
Kepler-693 b,3756,0.232 Jupiters,16.7286,2016,
Kepler-694 b,3337,8.25 Earths,15.284,2016,
Kepler-695 b,2750,0.196 Jupiters,15.262,2016,
Kepler-696 b,4620,31.3 Earths,15.308,2016,
Kepler-697 b,4167,16 Earths,15.888,2016,
Kepler-698 b,6510,13.1 Earths,15.716,2016,
Kepler-69 b,2383,5.65 Earths,13.866,2013,
Kepler-69 c,2383,3.57 Earths,13.866,2013,
Kepler-6 b,1915,0.668 Jupiters,13.286,2009,
Kepler-700 b,4866,30 Earths,15.202,2016,
Kepler-701 b,2525,8.45 Earths,15.056,2016,
Kepler-702 b,3236,0.194 Jupiters,15.437,2016,
Kepler-703 b,3774,0.161 Jupiters,15.599,2016,
Kepler-704 b,4008,7.32 Earths,15.454,2016,
Kepler-705 b,903,5.1 Earths,16.331,2016,
Kepler-706 b,2892,Unknown,15.274,2016,
Kepler-707 b,1930,2.33 Earths,15.022,2016,
Kepler-708 b,4548,8.91 Earths,15.61,2016,
Kepler-709 b,2169,8.85 Earths,15.261,2016,
Kepler-710 b,4724,4.19 Earths,15.071,2016,
Kepler-711 b,2037,11.5 Earths,15.635,2016,
Kepler-712 b,2846,11.5 Earths,16.161,2016,
Kepler-712 c,2846,21 Earths,16.161,2016,
Kepler-713 b,3555,6.71 Earths,15.171,2016,
Kepler-714 b,6796,0.213 Jupiters,15.43,2016,
Kepler-715 b,4330,13.5 Earths,15.204,2016,
Kepler-716 b,2071,8.75 Earths,15.314,2016,
Kepler-716 c,2071,2.52 Earths,15.314,2020,
Kepler-717 b,9151,6.44 Earths,15.756,2016,
Kepler-718 b,4248,131 Jupiters,15.399,2016,
Kepler-719 b,8147,0.172 Jupiters,16.128,2016,
Kepler-720 b,3475,0.168 Jupiters,15.462,2016,
Kepler-721 b,3023,7.46 Earths,15.963,2016,
Kepler-722 b,4043,7.41 Earths,15.489,2016,
Kepler-722 c,4043,8.35 Earths,15.489,2016,
Kepler-723 b,3496,Unknown,15.452,2016,
Kepler-724 b,2783,10.8 Earths,15.284,2016,
Kepler-725 b,2474,0.25 Jupiters,15.145,2016,
Kepler-726 b,2486,10.7 Earths,15.362,2016,
Kepler-727 b,2713,6.94 Earths,15.453,2016,
Kepler-728 b,5758,11.1 Earths,15.585,2016,
Kepler-729 b,6267,12.5 Earths,15.567,2016,
Kepler-730 b,6312,Unknown,15.782,2016,
Kepler-730 c,6312,3.09 Earths,15.782,2018,
Kepler-731 b,4101,Unknown,15.386,2016,
Kepler-732 b,570,5.39 Earths,16.53,2016,
Kepler-732 c,570,2.15 Earths,16.53,2016,
Kepler-733 b,2990,8.35 Earths,15.561,2016,
Kepler-734 b,3775,12.4 Earths,14.469,2016,
Kepler-735 b,2267,9.01 Earths,15.492,2016,
Kepler-736 b,3280,8.91 Earths,15.809,2016,
Kepler-737 b,669,4.5 Earths,15.971,2016,
Kepler-738 b,3633,6.8 Earths,15.793,2016,
Kepler-739 b,4471,11 Earths,15.711,2016,
Kepler-740 b,4704,18.9 Earths,16.022,2016,
Kepler-741 b,5421,9.11 Earths,15.186,2016,
Kepler-742 b,1596,10.6 Earths,15.357,2016,
Kepler-743 b,910,1.92 Earths,12.66,2016,
Kepler-744 b,1468,3.26 Earths,13.718,2016,
Kepler-745 b,5808,5.31 Earths,15.427,2016,
Kepler-746 b,1468,1.41 Earths,13.785,2016,
Kepler-747 b,10918,24.1 Earths,15.595,2016,
Kepler-748 b,5565,6.9 Earths,15.37,2016,
Kepler-749 b,2352,9.8 Earths,16.153,2016,
Kepler-74 b,3841,0.63 Jupiters,14.487,2013,
Kepler-750 b,4228,9.64 Earths,14.634,2016,
Kepler-750 c,4228,3.26 Earths,14.634,2016,
Kepler-751 b,2481,6.62 Earths,15.211,2016,
Kepler-752 b,4020,8.3 Earths,15.864,2016,
Kepler-753 b,896,4.31 Earths,14.891,2016,
Kepler-754 b,5775,4.7 Earths,15.352,2016,
Kepler-755 b,1302,3.75 Earths,14.277,2016,
Kepler-755 c,1302,2.13 Earths,14.277,2016,
Kepler-756 b,2779,1.46 Earths,15.986,2016,
Kepler-757 b,3486,2.42 Earths,15.066,2016,
Kepler-758 b,4901,6.71 Earths,14.379,2016,
Kepler-758 c,4901,3.5 Earths,14.379,2016,
Kepler-758 d,4901,5.14 Earths,14.379,2016,
Kepler-758 e,4901,2.96 Earths,14.379,2016,
Kepler-759 b,3502,5.77 Earths,14.579,2016,
Kepler-75 b,2725,10.1 Jupiters,15.414,2013,
Kepler-760 b,2585,9.59 Earths,15.181,2016,
Kepler-760 c,2585,2.79 Earths,15.181,2016,
Kepler-761 b,2710,4.78 Earths,14.993,2016,
Kepler-762 b,6192,Unknown,15.574,2016,
Kepler-763 b,3140,1.98 Earths,15.965,2016,
Kepler-763 c,3140,2.6 Earths,15.965,2023,
Kepler-763 d,3140,3.43 Earths,15.965,2023,
Kepler-764 b,3418,3.33 Earths,15.555,2016,
Kepler-765 b,3511,6.48 Earths,14.709,2016,
Kepler-766 b,7495,11.4 Earths,15.825,2016,
Kepler-767 b,7343,35.7 Earths,15.678,2016,
Kepler-768 b,2559,3.86 Earths,15.969,2016,
Kepler-769 b,3815,8.85 Earths,14.984,2016,
Kepler-769 c,3815,3.86 Earths,14.984,2016,
Kepler-76 b,2684,2.01 Jupiters,13.474,2013,
Kepler-770 b,3035,5.9 Earths,14.852,2016,
Kepler-770 c,3035,1.87 Earths,14.852,2016,
Kepler-770 d,3035,2.54 Earths,14.852,2016,
Kepler-771 b,4547,3.97 Earths,14.958,2016,
Kepler-772 b,3687,3.97 Earths,14.145,2016,
Kepler-773 b,1784,2.63 Earths,13.387,2016,
Kepler-774 b,2994,10.2 Earths,12.886,2016,
Kepler-775 b,1300,1.81 Earths,13.564,2016,
Kepler-776 b,2374,2.18 Earths,15.562,2016,
Kepler-777 b,1445,2.76 Earths,16.131,2016,
Kepler-778 b,3060,3.46 Earths,15.959,2016,
Kepler-779 b,924,0.721 Earths,16.303,2016,
Kepler-77 b,2086,0.43 Jupiters,14.152,2013,
Kepler-780 b,1819,0.64 Earths,13.464,2016,
Kepler-781 b,3472,8.7 Earths,16.207,2016,
Kepler-782 b,1458,10.4 Earths,12.843,2016,
Kepler-783 b,1683,0.399 Earths,14.153,2016,
Kepler-783 c,1683,6.04 Earths,14.153,2020,
Kepler-784 b,4253,3.12 Earths,13.392,2016,
Kepler-784 c,4253,3.02 Earths,13.392,2023,
Kepler-785 b,2094,Unknown,16.315,2016,
Kepler-786 b,1583,6.48 Earths,15.253,2016,
Kepler-787 b,1643,2.18 Earths,16.696,2016,
Kepler-788 b,5793,7.04 Earths,15.45,2016,
Kepler-789 b,4828,5.14 Earths,14.723,2016,
Kepler-78 b,406,1.68 Earths,11.717,2013,
Kepler-790 b,2294,5.39 Earths,15.534,2016,
Kepler-791 b,4131,9.53 Earths,14.473,2016,
Kepler-792 b,4650,4.5 Earths,15.117,2016,
Kepler-793 b,3215,2.45 Earths,14.742,2016,
Kepler-794 b,3038,5.1 Earths,13.599,2016,
Kepler-795 b,1605,3.46 Earths,13.423,2016,
Kepler-796 b,2667,2.24 Earths,13.175,2016,
Kepler-797 b,4290,5.35 Earths,14.751,2016,
Kepler-798 b,3172,6.3 Earths,14.221,2016,
Kepler-799 b,4923,37.9 Earths,15.166,2016,
Kepler-799 c,4923,8.15 Earths,15.166,2021,
Kepler-79 b,3330,10.9 Earths,14.036,2012,
Kepler-79 c,3330,5.9 Earths,14.036,2012,
Kepler-79 d,3330,6 Earths,14.036,2014,
Kepler-79 e,3330,4.1 Earths,14.036,2014,
Kepler-7 b,3009,0.441 Jupiters,13.008,2009,
Kepler-800 b,3325,8.5 Earths,15.92,2016,
Kepler-801 b,1437,4.66 Earths,15.596,2016,
Kepler-802 b,2546,12.3 Earths,15.01,2016,
Kepler-803 b,2087,13.8 Earths,13.856,2016,
Kepler-804 b,2119,4.42 Earths,13.864,2016,
Kepler-804 c,2119,1.55 Earths,13.864,2016,
Kepler-805 b,2083,8.7 Earths,12.586,2016,
Kepler-806 b,1181,1.55 Earths,11.813,2016,
Kepler-807 b,4870,0.242 Jupiters,15.194,2016,
Kepler-808 b,1047,2.73 Earths,14.519,2016,
Kepler-809 b,3136,9.32 Earths,14.875,2016,
Kepler-80 b,1205,6.93 Earths,15.23,2012,
Kepler-80 c,1205,6.74 Earths,15.23,2012,
Kepler-80 d,1205,6.75 Earths,15.23,2014,
Kepler-80 e,1205,4.13 Earths,15.23,2014,
Kepler-80 f,1205,1.92 Earths,15.23,2016,
Kepler-80 g,1205,1.51 Earths,15.23,2017,
Kepler-810 b,4758,4.38 Earths,15.73,2016,
Kepler-811 b,3213,7.75 Earths,14.046,2016,
Kepler-812 b,4837,12.3 Earths,13.815,2016,
Kepler-813 b,2740,5.22 Earths,14.646,2016,
Kepler-814 b,6706,5.14 Earths,14.859,2016,
Kepler-815 b,4108,15.8 Earths,13.438,2016,
Kepler-816 b,3209,0.234 Jupiters,16.365,2016,
Kepler-817 b,4842,0.189 Jupiters,15.967,2016,
Kepler-818 b,3017,22.9 Earths,15.368,2016,
Kepler-819 b,2167,8.05 Earths,15.402,2016,
Kepler-81 b,1136,17.2 Earths,15.258,2012,
Kepler-81 c,1136,4.3 Earths,15.258,2012,
Kepler-81 d,1136,1.92 Earths,15.258,2014,
Kepler-820 b,4525,30.8 Earths,14.135,2016,
Kepler-821 b,2005,2.27 Earths,15.153,2016,
Kepler-822 b,2807,3.78 Earths,14.75,2016,
Kepler-823 b,4532,3.09 Earths,15.089,2016,
Kepler-824 b,3919,4.16 Earths,15.051,2016,
Kepler-825 b,2635,2.96 Earths,14.296,2016,
Kepler-825 c,2635,4.04 Earths,14.296,2016,
Kepler-826 b,2543,2.1 Earths,13.644,2016,
Kepler-827 b,6676,27 Earths,15.865,2016,
Kepler-828 b,1877,2.89 Earths,15.374,2016,
Kepler-829 b,3503,5.1 Earths,14.973,2016,
Kepler-82 b,2950,12.15 Earths,15.131,2012,
Kepler-82 c,2950,13.9 Earths,15.131,2012,
Kepler-82 d,2950,3.78 Earths,15.131,2014,
Kepler-82 e,2950,6.66 Earths,15.131,2014,
Kepler-82 f,2950,20.9 Earths,15.131,2019,
Kepler-830 b,3660,3.53 Earths,14.88,2016,
Kepler-831 b,1936,2.15 Earths,13.751,2016,
Kepler-832 b,5507,4.9 Earths,16.001,2016,
Kepler-833 b,1525,4.74 Earths,15.755,2016,
Kepler-834 b,2068,4.74 Earths,16.211,2016,
Kepler-835 b,7849,8.2 Earths,16.062,2016,
Kepler-836 b,3197,7.9 Earths,14.672,2016,
Kepler-837 b,2942,7.08 Earths,15.576,2016,
Kepler-838 b,3601,7.9 Earths,15.424,2016,
Kepler-839 b,3081,7.13 Earths,13.693,2016,
Kepler-83 b,1306,0.132 Jupiters,16.145,2012,
Kepler-83 c,1306,11.4 Earths,16.145,2012,
Kepler-83 d,1306,24.6 Earths,16.145,2014,
Kepler-841 b,3259,23.8 Earths,15.791,2016,
Kepler-842 b,1738,3.19 Earths,15.363,2016,
Kepler-843 b,3802,7.22 Earths,15.354,2016,
Kepler-844 b,1408,3.46 Earths,15.986,2016,
Kepler-845 b,1406,4.82 Earths,14.903,2016,
Kepler-846 b,3677,6.71 Earths,15.684,2016,
Kepler-847 b,1674,1.76 Earths,14.998,2016,
Kepler-848 b,4497,3.53 Earths,14.194,2016,
Kepler-849 b,2682,0.127 Jupiters,12.878,2016,
Kepler-84 b,3340,40 Earths,14.92,2012,
Kepler-84 c,3340,20.2 Earths,14.92,2012,
Kepler-84 d,3340,2.48 Earths,14.92,2014,
Kepler-84 e,3340,7.27 Earths,14.92,2014,
Kepler-84 f,3340,5.48 Earths,14.92,2014,
Kepler-850 b,5419,3.82 Earths,15.611,2016,
Kepler-851 b,2738,3.46 Earths,15.172,2016,
Kepler-852 b,5281,6.99 Earths,14.006,2016,
Kepler-853 b,1855,3.5 Earths,12.339,2016,
Kepler-855 b,4914,0.166 Jupiters,15.157,2016,
Kepler-856 b,4408,0.199 Jupiters,15.594,2016,
Kepler-857 b,3208,37.2 Earths,15.167,2016,
Kepler-858 b,974,21.1 Earths,12.568,2016,
Kepler-859 b,2740,9.75 Earths,15.977,2016,
Kepler-85 b,2496,4.54 Earths,14.89,2012,
Kepler-85 c,2496,20.9 Earths,14.89,2012,
Kepler-85 d,2496,1.87 Earths,14.89,2014,
Kepler-85 e,2496,0.6 Earths,14.89,2014,
Kepler-860 b,3446,10.6 Earths,15.544,2016,
Kepler-861 b,2774,5.82 Earths,15.993,2016,
Kepler-862 b,3389,5.52 Earths,15.601,2016,
Kepler-863 b,4892,8.75 Earths,15.567,2016,
Kepler-864 b,6599,6.35 Earths,15.898,2016,
Kepler-864 c,6599,3.26 Earths,15.898,2023,
Kepler-865 b,1912,6.76 Earths,14.635,2016,
Kepler-865 c,1912,0.64 Earths,14.635,2023,
Kepler-866 b,2109,3.29 Earths,16.124,2016,
Kepler-867 b,3900,19.4 Earths,15.098,2016,
Kepler-868 b,5197,4.86 Earths,15.872,2016,
Kepler-869 b,3065,12.7 Earths,15.122,2016,
Kepler-870 b,4108,8.15 Earths,15.326,2016,
Kepler-871 b,6446,13.5 Earths,15.882,2016,
Kepler-872 b,2870,4.62 Earths,15.242,2016,
Kepler-873 b,3856,13.5 Earths,15.052,2016,
Kepler-874 b,3530,14.7 Earths,14.822,2016,
Kepler-875 b,4053,8.75 Earths,15.357,2016,
Kepler-876 b,2678,2.63 Earths,15.647,2016,
Kepler-877 b,1964,5.14 Earths,14.74,2016,
Kepler-878 b,2582,4.38 Earths,14.967,2016,
Kepler-879 b,2618,7.13 Earths,14.429,2016,
Kepler-87 b,4022,1.02 Jupiters,14.681,2013,
Kepler-87 c,4022,6.4 Earths,14.681,2013,
Kepler-880 b,1962,7.56 Earths,11.845,2016,
Kepler-880 c,1962,8.6 Earths,11.845,2023,
Kepler-881 b,4486,3.82 Earths,15.281,2016,
Kepler-882 b,1646,2.04 Earths,14.188,2016,
Kepler-883 b,2047,3.82 Earths,13.169,2016,
Kepler-884 b,1555,2.04 Earths,13.164,2016,
Kepler-885 b,2125,6.8 Earths,12.948,2016,
Kepler-886 b,2320,2.92 Earths,14.054,2016,
Kepler-887 b,2892,4.04 Earths,13.52,2016,
Kepler-887 c,2892,1.51 Earths,13.52,2016,
Kepler-888 b,1373,3.75 Earths,13.061,2016,
Kepler-889 b,1952,1.32 Earths,12.998,2016,
Kepler-88 d,1229,3.05046 Jupiters,13.209,2020,
Kepler-890 b,5585,0.184 Jupiters,15.235,2016,
Kepler-891 b,7635,33.6 Earths,15.386,2016,
Kepler-892 b,1862,8.3 Earths,15.967,2016,
Kepler-893 b,4194,9.43 Earths,15.347,2016,
Kepler-894 b,3793,8.15 Earths,15.686,2016,
Kepler-895 b,1762,2.99 Earths,16.21,2016,
Kepler-896 b,7617,6.94 Earths,15.457,2016,
Kepler-896 c,7617,10.1 Earths,15.457,2023,
Kepler-897 b,4956,6.3 Earths,15.177,2016,
Kepler-898 b,1582,2.83 Earths,16.695,2016,
Kepler-899 b,4066,7.65 Earths,15.713,2016,
Kepler-8 b,3333,0.59 Jupiters,13.598,2010,
Kepler-900 b,1590,4.98 Earths,15.19,2016,
Kepler-901 b,828,2.45 Earths,15.85,2016,
Kepler-902 b,3801,6.99 Earths,14.992,2016,
Kepler-903 b,4466,4.7 Earths,14.856,2016,
Kepler-903 c,4466,6.94 Earths,14.856,2016,
Kepler-904 b,3191,3.78 Earths,14.56,2016,
Kepler-905 b,1726,2.57 Earths,14.058,2016,
Kepler-906 b,2472,5.1 Earths,14.019,2016,
Kepler-907 b,1148,1.87 Earths,11.16,2016,
Kepler-908 b,949,1.98 Earths,11.607,2016,
Kepler-909 b,1010,2.76 Earths,11.626,2016,
Kepler-90b,2767,2.27 Earths,13.883,2013,
Kepler-90c,2767,1.81 Earths,13.883,2013,
Kepler-90d,2767,8.6 Earths,13.883,2013,
Kepler-90e,2767,7.56 Earths,13.883,2013,
Kepler-90f,2767,8.65 Earths,13.883,2013,
Kepler-90g,2767,0.8 Jupiters,13.883,2013,
Kepler-90h,2767,1.2 Jupiters,13.883,2013,
Kepler-90 i,2767,2.3 Earths,13.883,2017,
Kepler-910 b,1306,0.477 Earths,11.44,2016,
Kepler-911 b,1814,7.27 Earths,11.767,2016,
Kepler-912 b,6539,8.25 Earths,15.668,2016,
Kepler-913 b,3235,4.9 Earths,15.522,2016,
Kepler-913 c,3235,14.2 Earths,15.522,2021,
Kepler-914 b,2459,2.48 Earths,13.667,2016,
Kepler-915 b,2770,2.86 Earths,13.314,2016,
Kepler-916 b,2710,3.75 Earths,15.363,2016,
Kepler-917 b,11288,4.31 Earths,15.896,2016,
Kepler-918 b,3344,3.68 Earths,15.064,2016,
Kepler-919 b,3653,5.69 Earths,14.806,2016,
Kepler-91 b,4223,0.81 Jupiters,12.712,2013,
Kepler-920 b,3267,6.44 Earths,15.492,2016,
Kepler-920 c,3267,13.8 Earths,15.492,2016,
Kepler-921 b,3048,8.6 Earths,14.852,2016,
Kepler-922 b,1749,2.6 Earths,13.863,2016,
Kepler-923 b,3263,2.48 Earths,14.124,2016,
Kepler-924 b,3435,9.64 Earths,14.293,2016,
Kepler-925 b,1993,6.08 Earths,16.025,2016,
Kepler-926 b,3005,5.95 Earths,14.431,2016,
Kepler-927 b,2713,3.61 Earths,14.817,2016,
Kepler-928 b,1660,3.15 Earths,15.586,2016,
Kepler-929 b,4277,1.41 Earths,14.738,2016,
Kepler-92 b,1559,0.202 Jupiters,11.671,2013,
Kepler-92 c,1559,6.1 Earths,11.671,2013,
Kepler-92 d,1559,4.93 Earths,11.671,2015,
Kepler-930 b,2767,5.18 Earths,13.89,2016,
Kepler-931 b,1598,2.33 Earths,14.643,2016,
Kepler-932 b,1519,2.45 Earths,14.308,2016,
Kepler-933 b,3318,6.62 Earths,15.614,2016,
Kepler-934 b,1986,5.02 Earths,15.238,2016,
Kepler-935 b,1539,2.39 Earths,15.01,2016,
Kepler-936 b,2686,2.7 Earths,14.84,2016,
Kepler-937 b,5126,13.4 Earths,15.405,2016,
Kepler-937 c,5126,7.61 Earths,15.405,2016,
Kepler-938 b,3856,5.56 Earths,15.148,2016,
Kepler-939 b,6829,3.71 Earths,15.653,2016,
Kepler-93 b,313,4.66 Earths,9.996,2014,
Kepler-93 c,313,3 Jupiters,9.996,2014,
Kepler-940 b,4113,11.1 Earths,15.727,2016,
Kepler-941 b,3550,9.69 Earths,15.803,2016,
Kepler-942 b,706,5.18 Earths,13.25,2016,
Kepler-943 b,7504,29.5 Earths,15.76,2016,
Kepler-944 b,4402,7.41 Earths,15.636,2016,
Kepler-945 b,5386,7.41 Earths,15.599,2016,
Kepler-946 b,3710,4.38 Earths,15.011,2016,
Kepler-947 b,5646,5.82 Earths,16.064,2016,
Kepler-948 b,2831,4.08 Earths,14.811,2016,
Kepler-949 b,1586,8.8 Earths,14.718,2016,
Kepler-949 c,1586,9.11 Earths,14.718,2023,
Kepler-94 b,626,10.84 Earths,13.071,2014,
Kepler-94 c,626,9.836 Jupiters,13.071,2014,
Kepler-950 b,7051,0.188 Jupiters,16,2016,
Kepler-951 b,1248,26.7 Earths,14.841,2016,
Kepler-952 b,4254,0.143 Jupiters,15.323,2016,
Kepler-953 b,845,16.5 Earths,11.871,2016,
Kepler-953 c,845,1.81 Earths,11.871,2016,
Kepler-954 b,704,5.99 Earths,13.095,2016,
Kepler-955 b,1795,9.96 Earths,14.734,2016,
Kepler-956 b,1778,9.27 Earths,13.387,2016,
Kepler-957 b,2690,25.9 Earths,15.833,2016,
Kepler-958 b,1467,4.9 Earths,13.91,2016,
Kepler-959 b,2635,17.6 Earths,12.606,2016,
Kepler-95 b,1454,13 Earths,12.382,2014,
Kepler-960 b,929,5.86 Earths,14.127,2016,
Kepler-961 b,1873,7.04 Earths,14.204,2016,
Kepler-962 b,1342,4.54 Earths,13.68,2016,
Kepler-963 b,2517,7.56 Earths,15.091,2016,
Kepler-964 b,1483,5.14 Earths,14.061,2016,
Kepler-965 b,1901,11.4 Earths,13.488,2016,
Kepler-966 b,3353,16 Earths,14.731,2016,
Kepler-967 b,1855,6.12 Earths,14.702,2016,
Kepler-967 c,1855,12.9 Earths,14.702,2016,
Kepler-968 b,947,4.66 Earths,14.626,2016,
Kepler-968 c,947,3.5 Earths,14.626,2016,
Kepler-969 b,1273,4.94 Earths,13.865,2016,
Kepler-969 c,1273,0.937 Earths,13.865,2016,
Kepler-96 b,401,8.46 Earths,10.568,2014,
Kepler-970 b,1081,7.31 Earths,15.21,2016,
Kepler-971 b,1104,5.18 Earths,13.483,2016,
Kepler-972 b,3908,19.5 Earths,15.084,2016,
Kepler-973 b,1072,4.5 Earths,13.478,2016,
Kepler-974 b,438,3.09 Earths,15.295,2016,
Kepler-975 b,1390,2.79 Earths,14.633,2016,
Kepler-975 c,1390,0.252 Jupiters,14.633,2023,
Kepler-976 b,3302,14.9 Earths,15.861,2016,
Kepler-977 b,1855,7.37 Earths,14.754,2016,
Kepler-978 b,2226,9.22 Earths,13.513,2016,
Kepler-979 b,1881,7.85 Earths,14.882,2016,
Kepler-97 b,1308,3.51 Earths,12.994,2014,
Kepler-97 c,1308,1.08 Jupiters,12.994,2014,
Kepler-980 b,3136,7.61 Earths,14.221,2016,
Kepler-981 b,2864,5.95 Earths,14.875,2016,
Kepler-982 b,2614,5.69 Earths,13.099,2016,
Kepler-983 b,2330,6.17 Earths,14.1125,2016,
Kepler-984 b,1501,5.14 Earths,13.599,2016,
Kepler-985 b,2216,9.17 Earths,14.904,2016,
Kepler-986 b,1789,6.17 Earths,13.69,2016,
Kepler-987 b,2982,10.7 Earths,15.171,2016,
Kepler-988 b,995,4.94 Earths,15.578,2016,
Kepler-989 b,1605,5.52 Earths,14.717,2016,
Kepler-98 b,1143,3.55 Earths,12.996,2014,
Kepler-990 b,2617,7.27 Earths,14.716,2016,
Kepler-990 c,2617,2.96 Earths,14.716,2016,
Kepler-991 b,1271,6.99 Earths,15.626,2016,
Kepler-992 b,847,3.26 Earths,13.557,2016,
Kepler-993 b,1058,9.11 Earths,16.608,2016,
Kepler-994 b,614,3.19 Earths,15.046,2016,
Kepler-995 b,1989,7.75 Earths,15.173,2016,
Kepler-996 b,3968,4.58 Earths,14.717,2016,
Kepler-997 b,1525,2.42 Earths,11.521,2016,
Kepler-998 b,3218,5.99 Earths,14.463,2016,
Kepler-999 b,1778,6.08 Earths,12.364,2016,
Kepler-99 b,680,6.15 Earths,13.206,2014,
Kepler-9 b,2049,0.13655 Jupiters,13.922,2010,
Kepler-9 c,2049,29.9 Earths,13.922,2010,
Kepler-9 d,2049,3.33 Earths,13.922,2010,
KIC 10001893 b,5457,Unknown,15.829,2014,
KIC 10001893 c,5457,Unknown,15.829,2014,
KIC 10001893 d,5457,Unknown,15.829,2014,
KIC 10068024 b,2352,2 Jupiters,13.144,2021,
KIC 10525077 b,4766,25.9 Earths,15.592,2015,
KIC 3526061 b,1309,18.15 Jupiters,10.372,2022,
KIC 3558849 b,3966,38.1 Earths,14.32,2015,
KIC 5095269 b,3877,7.693 Jupiters,13.595,2017,
KIC 5437945 b,4156,33.6 Earths,13.834,2015,
KIC 5479689 b,1484,0.5 Jupiters,13.929,2021,
KIC 5951458 b,2423,35.4 Earths,12.836,2015,
KIC 7917485 b,4511,11.8 Jupiters,13.166,2016,
KIC 8121913 b,2307,2.1 Jupiters,12.38,2021,
KIC 8540376 b,3498,15.8 Earths,14.411,2015,
KIC 8540376 c,3498,6.35 Earths,14.411,2015,
KIC 9663113 b,5202,19.2 Earths,14.027,2015,
KMT-2016-BLG-0212L b,20551,18 Jupiters,,2018,
KMT-2016-BLG-1105L b,16571,2.32 Earths,,2023,
KMT-2016-BLG-1107L b,21696,3.283 Jupiters,,2019,
KMT-2016-BLG-1397L b,21529,7 Jupiters,,2018,
KMT-2016-BLG-1820L b,20420,4.57 Jupiters,,2018,
KMT-2016-BLG-1836L b,23160,2.2 Jupiters,,2019,
KMT-2016-BLG-2142L b,22867,15.49 Jupiters,,2018,
KMT-2016-BLG-2364L b,21007,3.93 Jupiters,,2020,
KMT-2016-BLG-2397L b,15919,2.63 Jupiters,,2020,
KMT-2016-BLG-2605L b,20945,0.771 Jupiters,,2021,
KMT-2017-BLG-0165L b,14777,34 Earths,,2018,
KMT-2017-BLG-0428L b,17615,5.59 Earths,,2023,
KMT-2017-BLG-0673L b,16571,3.67 Jupiters,,2022,
KMT-2017-BLG-1003L b,23128,5.19 Earths,,2023,
KMT-2017-BLG-1038L b,19572,2 Jupiters,,2019,
KMT-2017-BLG-1146L b,21203,0.71 Jupiters,,2019,
KMT-2017-BLG-1194L b,13831,3.54 Earths,,2023,
KMT-2017-BLG-2509L b,22964,2.09 Jupiters,,2021,
KMT-2018-BLG-0029L b,11026,7.59 Earths,,2020,
KMT-2018-BLG-0030L b,21138,1.45 Jupiters,,2022,
KMT-2018-BLG-0087L b,22899,0.23 Jupiters,,2022,
KMT-2018-BLG-0247L b,22051,2.11 Jupiters,,2022,
KMT-2018-BLG-0748L b,23813,0.19 Jupiters,,2020,
KMT-2018-BLG-1025L b,21872,6.059 Earths,,2021,
KMT-2018-BLG-1292L b,11287,4.42 Jupiters,,2020,
KMT-2018-BLG-1743L b,21148,0.245 Jupiters,,2021,
KMT-2018-BLG-1976L b,19050,2.22 Jupiters,,2021,
KMT-2018-BLG-1988L b,13537,5.56 Earths,,2022,
KMT-2018-BLG-1990L b,3154,0.348 Jupiters,,2019,
KMT-2018-BLG-1996L b,19278,1.09 Jupiters,,2021,
KMT-2018-BLG-2602L b,14059,1.15 Jupiters,,2022,
KMT-2019-BLG-0253L b,15984,9.2 Earths,,2022,
KMT-2019-BLG-0298L b,21888,1.81 Jupiters,,2023,
KMT-2019-BLG-0371L b,22867,7.7 Jupiters,,2021,
KMT-2019-BLG-0414L b,14385,4.57 Jupiters,,2022,
KMT-2019-BLG-0842L b,10830,10.28 Earths,,2020,
KMT-2019-BLG-0953L b,23486,15.5 Earths,,2022,
KMT-2019-BLG-1042L b,21529,0.19 Jupiters,,2022,
KMT-2019-BLG-1216L b,8938,29.87587 Earths,,2023,
KMT-2019-BLG-1339L b,19963,1.25 Jupiters,,2020,
KMT-2019-BLG-1367L b,15234,4.08 Earths,,2023,
KMT-2019-BLG-1552L b,15005,4.05 Jupiters,,2022,
KMT-2019-BLG-1715L b,12591,2.56 Jupiters,,2021,
KMT-2019-BLG-1806L b,21660,4.67 Earths,,2023,
KMT-2019-BLG-1953L b,22964,0.64 Jupiters,,2020,
KMT-2019-BLG-2783L b,19278,1.16 Jupiters,,2023,
KMT-2019-BLG-2974L b,19898,0.28 Jupiters,,2022,
KMT-2020-BLG-0414L b,2610,0.96 Earths,,2021,
KMT-2020-BLG-0414L c,2610,15.4 Jupiters,,2021,
KMT-2021-BLG-0119L b,10210,5.52 Jupiters,,2022,
KMT-2021-BLG-0171L b,15005,11.2 Earths,,2022,
KMT-2021-BLG-0192L b,16701,34.96112 Earths,,2022,
KMT-2021-BLG-0240L b,21529,0.21 Jupiters,,2022,
KMT-2021-BLG-0320L b,22671,31.78284 Earths,,2022,
KMT-2021-BLG-0322L b,21529,6.4 Jupiters,,2021,
KMT-2021-BLG-0712L b,10080,38.19 Earths,,2023,
KMT-2021-BLG-0748L b,19866,0.45 Jupiters,,2022,
KMT-2021-BLG-0909L b,21138,1.26 Jupiters,,2023,
KMT-2021-BLG-0912L b,18137,2.81 Earths,,2022,
KMT-2021-BLG-1077L b,26879,0.22 Jupiters,,2022,
KMT-2021-BLG-1077L c,26879,0.25 Jupiters,,2022,
KMT-2021-BLG-1105L b,14809,1.3 Jupiters,,2023,
KMT-2021-BLG-1253L b,21660,19.05 Earths,,2022,
KMT-2021-BLG-1303L b,20485,0.38 Jupiters,,2022,
KMT-2021-BLG-1372L b,19474,0.19278 Jupiters,,2022,
KMT-2021-BLG-1391L b,18659,4.55 Earths,,2022,
KMT-2021-BLG-1554L b,25052,38.13941 Earths,,2022,
KMT-2021-BLG-1689L b,23486,0.14473 Jupiters,,2022,
KMT-2021-BLG-1898L b,22508,0.73 Jupiters,,2022,
KMT-2021-BLG-2010L b,23128,1.07 Jupiters,,2023,
KMT-2021-BLG-2294L b,22182,22.24799 Earths,,2022,
KMT-2021-BLG-2478L b,9688,0.9 Jupiters,,2023,
KMT-2022-BLG-0371L b,23291,0.26 Jupiters,,2023,
KMT-2022-BLG-0440L b,11417,15.4 Earths,,2023,
KMT-2022-BLG-1013L b,25150,0.31 Jupiters,,2023,
KOI-1257 b,2140,1.45 Jupiters,14.818,2014,
KOI-12 b,1303,1.1 Jupiters,11.51,2015,
KOI-13 b,1693,9.28 Jupiters,9.791,2011,
KOI-142 b,1229,9.5 Earths,13.209,2013,
KOI-142 c,1229,0.674 Jupiters,13.209,2013,
KOI-1599.01,3691,4.6 Earths,14.795,2019,
KOI-1599.02,3691,9 Earths,14.795,2019,
KOI-1783.01,2824,0.22339 Jupiters,13.978,2020,
KOI-1783.02,2824,15 Earths,13.978,2020,
KOI-1831 d,1636,2.23 Earths,14.222,2021,
KOI-1833 d,947,11.02 Earths,14.626,2021,
KOI-217 b,2984,Unknown,15.257,2010,
KOI-3503 b,2894,9.2 Earths,13.831,2021,
KOI-3503 c,2894,10.36 Earths,13.831,2021,
KOI-3680 b,3008,1.93 Jupiters,14.616,2018,
KOI-4777.01,562,0.31212 Jupiters,16.413,2014,
KOI-55 b,4016,0.44 Earths,15.154,2011,
KOI-55 c,4016,0.655 Earths,15.154,2011,
KOI-7368 b,864,5.56 Earths,12.969,2022,
KOI-7913 b,885,6.08 Earths,14.23,2022,
KOI-94 b,1556,10.5 Earths,12.314,2013,
KOI-94 c,1556,15.6 Earths,12.314,2013,
KOI-94 d,1556,0.334 Jupiters,12.314,2013,
KOI-94 e,1556,35 Earths,12.314,2013,
KOI-984 b,824,17.1 Earths,12.795,2022,
KOI-984 c,824,0.6601 Jupiters,12.795,2022,
KPS-1 b,857,1.09 Jupiters,12.97,2018,
L 168-9 b,82,4.6 Earths,11.005,2020,
L 363-38 b,33,4.67 Earths,13.027,2023,
L 98-59 b,35,0.4 Earths,11.685,2019,
L 98-59 c,35,2.42 Earths,11.685,2019,
L 98-59 d,35,2.31 Earths,11.685,2019,
L 98-59 e,35,3.06 Earths,11.685,2021,
LHS 1140 b,49,6.38 Earths,14.15,2017,
LHS 1140 c,49,1.76 Earths,14.15,2018,
LHS 1478 b,59,2.33 Earths,13.304,2021,
LHS 1678 b,65,0.35 Earths,12.6,2021,
LHS 1678 c,65,1.4 Earths,12.6,2021,
LHS 1815 b,97,1.58 Earths,12.167,2020,
LHS 3844 b,49,2.25 Earths,15.24,2019,
LHS 475 b,41,0.941 Earths,13,2023,
LkCa 15 b,516,Unknown,12.025,2015,
LkCa 15 c,516,Unknown,12.025,2015,
LP 714-47 b,172,30.8 Earths,12.492,2020,
LP 791-18 b,86,1.94 Earths,16.91,2019,
LP 791-18 c,86,7.1 Earths,16.91,2019,
LP 791-18 d,86,0.9 Earths,16.91,2023,
LP 890-9 b,106,13.2 Earths,18,2022,
LP 890-9 c,106,25.3 Earths,18,2022,
LSPM J2116+0234 b,58,13.3 Earths,11.961,2019,
LTT 1445 A b,22,2.87 Earths,10.59,2019,
LTT 1445 A c,22,1.54 Earths,10.59,2022,
LTT 3780 b,72,2.47 Earths,13.14,2020,
LTT 3780 c,72,7.02 Earths,13.14,2020,
LTT 9779 b,262,29.32 Earths,9.79,2020,
Lupus-TR-3 b,2523,0.81 Jupiters,19.6202,2007,
MASCARA-1 b,595,3.7 Jupiters,8.28,2017,
MASCARA-4 b,557,3.1 Jupiters,8.191,2020,
MOA-2007-BLG-192L b,3262,3.3 Earths,,2008,
MOA-2007-BLG-400L b,22475,1.7 Jupiters,,2008,
MOA-2008-BLG-310L b,25117,23.4 Earths,,2009,
MOA-2008-BLG-379L b,10765,4.1 Jupiters,,2013,
MOA-2009-BLG-266L b,9916,10.4 Earths,,2011,
MOA-2009-BLG-319L b,22997,0.212 Jupiters,,2010,
MOA-2009-BLG-387L b,18561,2.6 Jupiters,,2010,
MOA-2010-BLG-073L b,9134,11 Jupiters,,2012,
MOA-2010-BLG-117L b,11417,0.54 Jupiters,24.3,2018,
MOA-2010-BLG-328L b,2642,9.2 Earths,,2013,
MOA-2010-BLG-353L b,20975,0.27 Jupiters,,2015,
MOA-2010-BLG-477L b,7503,1.5 Jupiters,,2012,
MOA-2011-BLG-028L b,24074,30 Earths,,2016,
MOA-2011-BLG-262L b,23486,17 Earths,,2014,
MOA-2011-BLG-291L b,14353,18 Earths,,2018,
MOA-2011-BLG-293L b,25183,4.8 Jupiters,,2012,
MOA-2011-BLG-322L b,24661,11.6 Jupiters,,2013,
MOA-2012-BLG-006L b,17289,8.4 Jupiters,,2017,
MOA-2012-BLG-505L b,23519,6.7 Earths,,2017,
MOA-2013-BLG-220L b,21921,2.74 Jupiters,,2014,
MOA-2013-BLG-605L b,2773,3.24 Earths,,2016,
MOA-2015-BLG-337L b,23160,33.7 Earths,,2018,
MOA-2016-BLG-227L b,21203,2.8 Jupiters,,2017,
MOA-2016-BLG-319L b,22182,0.62 Jupiters,,2018,
MOA-2019-BLG-008L b,8807,18 Jupiters,,2022,
MOA-2020-BLG-135L b,25770,11.3 Earths,,2022,
MOA-2020-BLG-208L b,24432,0.14473 Jupiters,,2023,
MOA-2022-BLG-249L b,6524,4.83 Earths,,2023,
MOA-bin-1L b,16636,3.7 Jupiters,,2012,
MOA-bin-29 b,23225,0.6 Jupiters,44.61,2019,
mu2 Scorpii b,,14.4 Jupiters,3.56,2022,
Mu Leonis b,106,2.4 Jupiters,3.86648,2014,
MWC 758 c,520,Unknown,8.270001,2023,
MXB 1658-298 b,,23.7 Jupiters,,2017,
NGC 2682 Sand 364 b,2666,6.69 Jupiters,9.616,2014,
NGC 2682 Sand 978 b,2681,2.18 Jupiters,9.814,2017,
NGC 2682 YBP 1194 b,2847,0.32 Jupiters,14.569,2014,
NGC 2682 YBP 1514 b,2982,0.4 Jupiters,14.684,2014,
NGC 2682 YBP 401 b,2710,0.46 Jupiters,13.699,2016,
NGTS-10 b,1059,2.162 Jupiters,14.506,2020,
NGTS-11 b,621,0.344 Jupiters,12.456,2020,
NGTS-12 b,1456,0.208 Jupiters,12.382,2020,
NGTS-13 b,2112,4.84 Jupiters,12.744,2021,
NGTS-14 A b,1051,29.24036 Earths,13.268,2021,
NGTS-15 b,2566,0.751 Jupiters,14.669,2021,
NGTS-16 b,2930,0.667 Jupiters,14.529,2021,
NGTS-17 b,3393,0.764 Jupiters,14.412,2021,
NGTS-18 b,3576,0.409 Jupiters,14.588,2021,
NGTS-1 b,712,0.812 Jupiters,15.667,2017,
NGTS-20 b,1249,2.98 Jupiters,11.233,2022,
NGTS-21 b,1934,2.36 Jupiters,15.506,2022,
NGTS-23 b,3506,0.613 Jupiters,14.126,2022,
NGTS-24 b,2228,0.52 Jupiters,13.214,2022,
NGTS-25 b,1700,0.639 Jupiters,14.333,2022,
NGTS-2 b,1163,0.74 Jupiters,10.789,2018,
NGTS-3 A b,2427,2.38 Jupiters,14.669,2018,
NGTS-4 b,915,20.6 Earths,13.138,2019,
NGTS-5 b,1001,0.229 Jupiters,13.789,2019,
NGTS-6 b,1006,1.339 Jupiters,14.237,2019,
NGTS-8 b,1399,0.93 Jupiters,13.69,2019,
NGTS-9 b,1987,2.9 Jupiters,12.868,2019,
NN Serpentis c,1683,7.33 Jupiters,16.943,2010,
NN Serpentis d,1683,2.3 Jupiters,16.943,2010,
NSVS 14256825 b,2678,14.15 Jupiters,13.296,2019,
Nu Octantis A b,69,2.4 Jupiters,3.73,2016,
Nu Ophiuchi b,151,22.206 Jupiters,3.31216,2012,
Nu Ophiuchi c,151,24.662 Jupiters,3.31216,2012,
NY Virginis b,1775,2.3 Jupiters,13.496,2011,
NY Virginis c,1775,5.54 Jupiters,13.496,2019,
OGLE-2003-BLG-235L b,18920,2.6 Jupiters,,2004,
OGLE-2005-BLG-071L b,10438,3.8 Jupiters,,2005,
OGLE-2005-BLG-169L b,13374,14.1 Earths,22.783,2006,
OGLE-2005-BLG-390L b,21529,5.5 Earths,,2005,
OGLE-2006-BLG-109L b,4926,0.727 Jupiters,,2008,
OGLE-2006-BLG-109L c,4926,0.27 Jupiters,,2008,
OGLE-2006-BLG-284L A b,13048,0.45307 Jupiters,,2020,
OGLE-2007-BLG-349L AB c,9003,0.25171 Jupiters,24.73,2016,
OGLE-2007-BLG-368L b,19246,20 Earths,17.71,2009,
OGLE-2008-BLG-092L b,26422,0.18 Jupiters,,2014,
OGLE-2008-BLG-355L b,22182,4.6 Jupiters,,2014,
OGLE-2011-BLG-0173L b,19898,0.19 Jupiters,,2018,
OGLE-2011-BLG-0251L b,8383,0.53 Jupiters,,2012,
OGLE-2011-BLG-0265L b,14288,0.88 Jupiters,,2015,
OGLE-2012-BLG-0026L b,13110,0.145 Jupiters,20.66,2012,
OGLE-2012-BLG-0026L c,13110,0.86 Jupiters,20.66,2012,
OGLE-2012-BLG-0358L b,5741,1.85 Jupiters,,2013,
OGLE-2012-BLG-0406L b,16212,2.73 Jupiters,,2013,
OGLE-2012-BLG-0563L b,4241,0.39 Jupiters,,2015,
OGLE-2012-BLG-0724L b,21855,0.47 Jupiters,,2016,
OGLE-2012-BLG-0838L b,20616,0.167 Jupiters,,2020,
OGLE-2012-BLG-0950L b,8481,35 Earths,,2016,
OGLE-2013-BLG-0102L b,9916,13 Jupiters,,2014,
OGLE-2013-BLG-0132L b,12722,0.29 Jupiters,,2017,
OGLE-2013-BLG-0341L B b,2972,1.66 Earths,,2014,
OGLE-2013-BLG-0911L b,10504,9.51 Jupiters,26.42,2019,
OGLE-2013-BLG-1721L b,20551,0.64 Jupiters,,2017,
OGLE-2013-BLG-1761L b,22508,2.7 Jupiters,,2018,
OGLE-2014-BLG-0124L b,11417,0.65 Jupiters,,2015,
OGLE-2014-BLG-0319L b,25215,0.57 Jupiters,,2022,
OGLE-2014-BLG-0676L b,8710,3.68 Jupiters,,2016,
OGLE-2014-BLG-1722L b,20877,0.174 Jupiters,,2018,
OGLE-2014-BLG-1722L c,20877,0.263 Jupiters,,2018,
OGLE-2014-BLG-1760L b,22377,0.56 Jupiters,,2016,
OGLE-2015-BLG-0051L b,26748,0.72 Jupiters,,2016,
OGLE-2015-BLG-0954L b,3914,3.4 Jupiters,,2016,
OGLE-2015-BLG-0966L b,10765,21 Earths,,2016,
OGLE-2015-BLG-1649L b,13798,2.54 Jupiters,,2019,
OGLE-2015-BLG-1670L b,21855,17.9 Earths,,2019,
OGLE-2015-BLG-1771L b,23062,0.433 Jupiters,,2020,
OGLE-2016-BLG-0263L b,21203,4.1 Jupiters,,2017,
OGLE-2016-BLG-0613L AB b,11123,4.18 Jupiters,,2017,
OGLE-2016-BLG-1067L b,12167,0.43 Jupiters,,2019,
OGLE-2016-BLG-1093 b,26487,0.71 Jupiters,,2022,
OGLE-2016-BLG-1190L b,22084,13.38 Jupiters,,2017,
OGLE-2016-BLG-1195L b,12754,1.43 Earths,,2017,
OGLE-2016-BLG-1227L b,,0.79 Jupiters,,2020,
OGLE-2017-BLG-0173L b,15348,3.269 Earths,,2018,
OGLE-2017-BLG-0373L b,19295,0.401 Jupiters,,2018,
OGLE-2017-BLG-0406L b,16962,0.41 Jupiters,26.1,2020,
OGLE-2017-BLG-0482L b,18920,9 Earths,,2018,
OGLE-2017-BLG-0604L b,12885,0.51 Jupiters,,2020,
OGLE-2017-BLG-1049L b,18496,5.53 Jupiters,,2020,
OGLE-2017-BLG-1099L b,23650,3.02 Jupiters,,2021,
OGLE-2017-BLG-1140L b,,1.59 Jupiters,,2018,
OGLE-2017-BLG-1375L b,12820,11.28 Jupiters,,2020,
OGLE-2017-BLG-1434L b,2805,4.43 Earths,,2018,
OGLE-2017-BLG-1522L b,24432,0.75 Jupiters,,2018,
OGLE-2017-BLG-1691L b,23780,14.62011 Earths,,2022,
OGLE-2017-BLG-1806L b,20877,5.27 Earths,,2023,
OGLE-2018-BLG-0298L b,21333,0.14 Jupiters,,2022,
OGLE-2018-BLG-0383L b,25117,6.4 Earths,,2022,
OGLE-2018-BLG-0506L b,18267,16.3 Earths,,2022,
OGLE-2018-BLG-0516L b,22834,20.1 Earths,,2022,
OGLE-2018-BLG-0532L b,2522,6.228 Earths,,2020,
OGLE-2018-BLG-0567L b,23030,0.32 Jupiters,,2021,
OGLE-2018-BLG-0596L b,18430,13.93 Earths,,2019,
OGLE-2018-BLG-0677L b,24726,3.96 Earths,,2020,
OGLE-2018-BLG-0740L b,10438,4.8 Jupiters,18.21,2019,
OGLE-2018-BLG-0799L b,13211,0.26 Jupiters,,2022,
OGLE-2018-BLG-0932L b,21594,0.89 Jupiters,,2022,
OGLE-2018-BLG-0962L b,21203,1.34 Jupiters,,2021,
OGLE-2018-BLG-0977L b,21203,6.4 Earths,,2022,
OGLE-2018-BLG-1011L b,23160,1.8 Jupiters,,2019,
OGLE-2018-BLG-1011L c,23160,2.8 Jupiters,,2019,
OGLE-2018-BLG-1119L b,18789,0.91 Jupiters,,2022,
OGLE-2018-BLG-1126L b,18593,17.79839 Earths,,2022,
OGLE-2018-BLG-1185L b,24139,8.4 Earths,29.3,2021,
OGLE-2018-BLG-1212L b,5056,0.2 Jupiters,,2022,
OGLE-2018-BLG-1269L b,8188,0.67 Jupiters,,2020,
OGLE-2018-BLG-1367L b,17517,0.95 Jupiters,,2022,
OGLE-2018-BLG-1428L b,20290,0.77 Jupiters,,2021,
OGLE-2018-BLG-1647L b,25705,0.97 Jupiters,,2022,
OGLE-2018-BLG-1700L b,24791,4.4 Jupiters,,2020,
OGLE-2019-BLG-0249L b,20779,7.12 Jupiters,,2023,
OGLE-2019-BLG-0299L b,19017,6.22 Jupiters,,2021,
OGLE-2019-BLG-0304L b,22769,0.51 Jupiters,,2021,
OGLE-2019-BLG-0362L b,19017,3.26 Jupiters,,2022,
OGLE-2019-BLG-0468L b,14353,3.43 Jupiters,,2022,
OGLE-2019-BLG-0468L c,14353,10.22 Jupiters,,2022,
OGLE-2019-BLG-0679L b,18365,3.34 Jupiters,,2023,
OGLE-2019-BLG-0954L b,11841,14.2 Jupiters,,2021,
OGLE-2019-BLG-0960L b,3197,2.5 Earths,,2021,
OGLE-2019-BLG-1053L b,22182,2.48 Earths,,2021,
OGLE-2019-BLG-1470L AB c,19246,2.2 Jupiters,,2022,
OGLE-2019-BLG-1492L b,18267,37.1 Earths,,2022,
OGLE2-TR-L9 b,5309,4.5 Jupiters,14.718,2008,
OGLE-TR-10 b,4387,0.62 Jupiters,16.006,2004,
OGLE-TR-111 b,3485,0.55 Jupiters,16.707,2004,
OGLE-TR-113 b,1848,1.26 Jupiters,15.8485,2004,
OGLE-TR-132 b,6565,1.18 Jupiters,16.536,2004,
OGLE-TR-182 b,8161,1.01 Jupiters,16.9195,2007,
OGLE-TR-211 b,4943,1.03 Jupiters,15.364,2007,
OGLE-TR-56 b,923,1.39 Jupiters,15.3,2002,
Omega Serpentis b,250,0.736 Jupiters,5.21644,2013,
Omicron Coronae Borealis b,277,1.12 Jupiters,5.5052,2012,
Omicron Ursae Majoris b,179,3.651 Jupiters,3.35214,2012,
Ophiuchi 11 b,444,14 Jupiters,,2006,
PDS 70 b,369,3 Jupiters,12.032,2018,
PDS 70 c,369,2 Jupiters,12.032,2019,
PH1 b,3370,0.531 Jupiters,13.841,2012,
PH2 b,1122,80 Jupiters,12.645,2013,
Pi Mensae c,60,3.63 Earths,5.666,2018,
Pi Mensae d,60,13.38 Earths,5.666,2022,
POTS-1 b,2440,2.31 Jupiters,17.9083,2013,
Pr0201 b,589,0.54 Jupiters,10.445,2012,
Pr0211 b,596,1.88 Jupiters,12.163,2012,
Pr0211 c,596,7.79 Jupiters,12.163,2016,
Proxima Centauri b,4,1.07 Earths,11.01,2016,
psi1 Draconis B b,74,1.53 Jupiters,5.808,2015,
PSR B0329+54 b,1647,1.97 Earths,20.8671,2017,
PSR B1257+12 b,1957,0.02 Earths,,1994,
PSR B1257+12 c,1957,4.3 Earths,,1992,
PSR B1257+12 d,1957,3.9 Earths,,1992,
PSR B1620-26 b,,2.5 Jupiters,,2003,
PSR J1719-1438 b,3914,1.2 Jupiters,,2011,
PSR J2322-2650 b,750,0.7949 Jupiters,,2017,
PZ Telescopii b,154,27 Jupiters,8.43,2023,
Qatar-10 b,1824,0.736 Jupiters,12.868,2019,
Qatar-1 b,605,1.294 Jupiters,12.692,2010,
Qatar-2 b,592,2.494 Jupiters,13.443,2011,
Qatar-3 b,2400,4.31 Jupiters,12.929,2017,
Qatar-4 b,1073,6.1 Jupiters,13.574,2017,
Qatar-5 b,1199,4.32 Jupiters,12.614,2017,
Qatar-6 b,329,0.668 Jupiters,11.496,2017,
Qatar-7 b,2303,1.88 Jupiters,13.134,2019,
Qatar-8 b,918,0.371 Jupiters,11.71,2019,
Qatar-9 b,697,1.19 Jupiters,14.023,2019,
Rho Coronae Borealis b,57,1.093 Jupiters,5.41,1997,
Rho Coronae Borealis c,57,28.2 Earths,5.41,2016,
Rho Coronae Borealis d,57,21.6 Earths,5.41,2023,
Rho Coronae Borealis e,57,3.79 Earths,5.41,2023,
Ross 128 b,11,1.4 Earths,11.12,2017,
Ross 458 c,38,6 Jupiters,9.76,2010,
Ross 508 b,37,4 Earths,14.18,2022,
ROXs 12 b,446,16 Jupiters,14.763,2013,
ROXs 42 B b,468,9 Jupiters,14.661,2013,
RR Caeli b,69,4.2 Jupiters,14.379,2012,
SR 12 AB c,366,13 Jupiters,13.355,2010,
SWEEPS-11 b,27727,9.7 Jupiters,19.83,2006,
SWEEPS-4 b,27727,3.8 Jupiters,18.8,2006,
TAP 26 b,396,1.66 Jupiters,12.5,2017,
Tau Bootis b,51,5.95 Jupiters,4.48635,1996,
Tau Ceti e,12,3.93 Earths,3.496,2017,
Tau Ceti f,12,3.93 Earths,3.496,2017,
Tau Ceti g,12,1.75 Earths,3.496,2017,
Tau Ceti h,12,1.83 Earths,3.496,2017,
Tau Geminorum b,367,20.6 Jupiters,4.37799,2013,
TCP J05074264+2447555 b,1647,20 Earths,14.243,2018,
Teegarden's Star b,12,1.05 Earths,15.13,2019,
Teegarden's Star c,12,1.11 Earths,15.13,2019,
TIC 172900988 b,819,2.96386 Jupiters,10.141,2021,
TIC 237913194 b,998,1.942 Jupiters,12.144,2020,
TIC 257060897 b,1650,0.67 Jupiters,11.814,2021,
TIC 279401253 b,932,6.14 Jupiters,11.938,2023,
TIC 279401253 c,932,8.02 Jupiters,11.938,2023,
TOI-1052 b,423,16.9 Earths,9.511,2023,
TOI-1052 c,423,34.3 Earths,9.511,2023,
TOI-1062 b,268,10.15 Earths,10.249,2021,
TOI-1062 c,268,9.78 Earths,10.249,2021,
TOI-1064 b,222,13.5 Earths,10.938,2022,
TOI-1064 c,222,2.5 Earths,10.938,2022,
TOI-1075 b,200,9.95 Earths,12.615,2022,
TOI-1107 b,918,3.35 Jupiters,10.553,2022,
TOI-1130 b,190,12.9 Earths,11.595,2020,
TOI-1130 c,190,0.974 Jupiters,11.595,2020,
TOI-1136 b,276,4.27 Earths,9.534,2022,
TOI-1136 c,276,8.64 Earths,9.534,2022,
TOI-1136 d,276,19.3 Earths,9.534,2022,
TOI-1136 e,276,7.46 Earths,9.534,2022,
TOI-1136 f,276,14.3 Earths,9.534,2022,
TOI-1136 g,276,6.94 Earths,9.534,2022,
TOI-1181 b,988,1.18 Jupiters,10.582,2022,
TOI-1201 b,124,6.28 Earths,12.26,2021,
TOI-1221 b,451,3.5 Jupiters,10.494,2023,
TOI-1227 b,328,0.209 Jupiters,16.999,2022,
TOI-122 b,203,7.85 Earths,15.526,2020,
TOI-1231 b,90,15.4 Earths,12.36,2021,
TOI-1235 b,129,6.69 Earths,11.495,2020,
TOI-1246 b,553,8.1 Earths,11.632,2022,
TOI-1246 c,553,8.8 Earths,11.632,2022,
TOI-1246 d,553,5.3 Earths,11.632,2022,
TOI-1246 e,553,14.8 Earths,11.632,2022,
TOI-1259 A b,385,0.441 Jupiters,12.079,2021,
TOI-125 b,362,9.5 Earths,11.023,2019,
TOI-125 c,362,6.63 Earths,11.023,2019,
TOI-125 d,362,13.6 Earths,11.023,2020,
TOI-1260 b,240,8.56 Earths,11.922,2021,
TOI-1260 c,240,13.2 Earths,11.922,2021,
TOI-1260 d,240,11.84 Earths,11.922,2022,
TOI-1266 b,117,13.5 Earths,12.941,2020,
TOI-1266 c,117,2.2 Earths,12.941,2020,
TOI-1268 b,357,0.30331 Jupiters,10.92,2022,
TOI-1272 b,449,24.6 Earths,11.758,2022,
TOI-1272 c,449,26.7 Earths,11.758,2022,
TOI-1278 b,247,18.5 Jupiters,13.502,2021,
TOI-1288 b,375,0.13215 Jupiters,10.445,2022,
TOI-1288 c,375,0.26429 Jupiters,10.445,2022,
TOI-1296 b,1054,0.298 Jupiters,11.37,2021,
TOI-1298 b,1041,0.356 Jupiters,11.889,2021,
TOI-132 b,534,22.4 Earths,11.197,2020,
TOI-1333 b,654,2.37 Jupiters,9.438,2021,
TOI-1338 b,1302,33 Earths,11.722,2020,
TOI-1338 c,1302,0.205 Jupiters,11.722,2023,
TOI-139 b,138,6.6 Earths,10.55,2023,
TOI-1411 b,106,2.42 Earths,10.51,2022,
TOI-1416 b,179,3.48 Earths,9.91,2023,
TOI-1422 b,506,9 Earths,10.622,2022,
TOI-1431 b,486,3.12 Jupiters,8.03,2021,
TOI-1442 b,134,1.71 Earths,15.39,2022,
TOI-1444 b,409,3.87 Earths,10.936,2021,
TOI-1444 c,409,11.8 Earths,10.936,2021,
TOI-1452 b,100,4.82 Earths,14.354,2022,
TOI-1468 b,81,3.21 Earths,12.5,2022,
TOI-1468 c,81,6.64 Earths,12.5,2022,
TOI-1470 b,169,7.32 Earths,13.459,2023,
TOI-1470 c,169,7.24 Earths,13.459,2023,
TOI-1478 b,499,0.851 Jupiters,10.723,2021,
TOI-150.01,1097,2.51 Jupiters,11.39,2019,
TOI-1516 b,806,3.16 Jupiters,10.858,2022,
TOI-1518 b,737,2.3 Jupiters,8.952,2021,
TOI-157 b,1160,1.18 Jupiters,12.725,2020,
TOI-1601 b,1098,0.99 Jupiters,10.66,2021,
TOI-1634 b,115,7.57 Earths,13.217,2021,
TOI-1634 c,115,Unknown,13.217,2022,
TOI-163 b,1343,1.22 Jupiters,11.467,2019,
TOI-1669 b,363,0.573 Jupiters,10.218,2023,
TOI-1670 b,548,0.13 Jupiters,9.889,2022,
TOI-1670 c,548,0.63 Jupiters,9.889,2022,
TOI-1680 b,121,2.75 Earths,15.87,2023,
TOI-1685 b,123,3.09 Earths,13.378,2021,
TOI-1693 b,100,2.57 Earths,12.962,2022,
TOI-1694 b,407,26.1 Earths,11.446,2023,
TOI-1694 c,407,1.05 Jupiters,11.446,2023,
TOI-1695 b,147,6.36 Earths,12.989,2022,
TOI-1696 b,212,0.15354 Jupiters,16.82,2022,
TOI-169 b,1330,0.791 Jupiters,12.355,2020,
TOI-1710 b,265,28.3 Earths,9.545,2022,
TOI-1728 b,198,26.78 Earths,12.39,2020,
TOI-172 b,1118,5.42 Jupiters,11.299,2019,
TOI-1749 b,325,0.17934 Jupiters,13.86,2021,
TOI-1749 c,325,14 Earths,13.86,2021,
TOI-1749 d,325,15 Earths,13.86,2021,
TOI-1759 b,131,10.8 Earths,11.93,2022,
TOI-1789 b,747,0.7 Jupiters,9.721,2021,
TOI-178 b,205,1.5 Earths,11.955,2021,
TOI-178 c,205,4.77 Earths,11.955,2021,
TOI-178 d,205,3.01 Earths,11.955,2021,
TOI-178 e,205,3.86 Earths,11.955,2021,
TOI-178 f,205,7.72 Earths,11.955,2021,
TOI-178 g,205,3.94 Earths,11.955,2021,
TOI-1807 b,139,2.57 Earths,10,2021,
TOI-1811 b,418,0.972 Jupiters,11.966,2023,
TOI-181 b,314,0.1452 Jupiters,11.191,2023,
TOI-1820 b,811,2.3 Jupiters,10.899,2022,
TOI-1842 b,729,0.214 Jupiters,9.815,2021,
TOI-1853 b,539,0.23031 Jupiters,12.178,2023,
TOI-1859 b,732,0.216 Jupiters,10.33,2023,
TOI-1860 b,150,2.27 Earths,8.4,2022,
TOI-1899 b,419,0.66 Jupiters,14.88,2020,
TOI-1937 A b,1354,2.01 Jupiters,13.18,2023,
TOI-198 b,77,2.67 Earths,11.688,2023,
TOI-2000 b,573,11 Earths,10.984,2023,
TOI-2000 c,573,0.257 Jupiters,10.984,2023,
TOI-2018 b,91,9.2 Earths,10.25,2023,
TOI-201 b,371,0.42 Jupiters,9.07,2021,
TOI-2025 b,1096,3.6 Jupiters,11.599,2022,
TOI-2046 b,945,2.3 Jupiters,11.552,2022,
TOI-2048 b,380,7.32 Earths,11.431,2022,
TOI-206 b,156,2.24 Earths,14.938,2022,
TOI-2076 b,137,6.89 Earths,9.139,2021,
TOI-2076 c,137,12 Earths,9.139,2021,
TOI-2076 d,137,10.5 Earths,9.139,2021,
TOI-2081 b,203,4.82 Earths,13.369,2022,
TOI-2084 b,374,6.66 Earths,15.115,2023,
TOI-2095 b,137,4.1 Earths,13.19,2023,
TOI-2095 c,137,7.4 Earths,13.19,2023,
TOI-2096 b,158,2.08 Earths,15.92,2023,
TOI-2096 c,158,4.32 Earths,15.92,2023,
TOI-2109 b,855,5.02 Jupiters,10.217,2021,
TOI-2136 b,109,6.37 Earths,14.32,2022,
TOI-2145 b,733,5.26 Jupiters,9.07,2023,
TOI-2152 A b,988,2.83 Jupiters,11.436,2023,
TOI-2154 b,967,0.92 Jupiters,11.068,2023,
TOI-2158 b,647,0.82 Jupiters,10.887,2022,
TOI-216.01,580,0.56 Jupiters,12.324,2019,
TOI-216.02,580,18.75188 Earths,12.324,2019,
TOI-2180 b,381,2.755 Jupiters,9.162,2022,
TOI-2184 b,2571,0.65 Jupiters,12.254,2022,
TOI-2193 A b,1100,0.94 Jupiters,11.976,2022,
TOI-2194 b,64,4.61 Earths,8.42,2023,
TOI-2196 b,848,26 Earths,12.297,2022,
TOI-2202 b,770,0.978 Jupiters,13.004,2021,
TOI-2202 c,770,0.369 Jupiters,13.004,2021,
TOI-2207 b,1218,0.64 Jupiters,11.316,2022,
TOI-220 b,296,13.8 Earths,10.466,2021,
TOI-2236 b,1160,1.58 Jupiters,11.6,2022,
TOI-2257 b,189,5.45 Earths,15.211,2021,
TOI-2260 b,330,3.26 Earths,10.474,2022,
TOI-2285 b,138,19.5 Earths,13.403,2021,
TOI-2337 b,1749,1.6 Jupiters,12.524,2022,
TOI-2338 b,1024,5.98 Jupiters,12.483,2023,
TOI-2364 b,716,0.225 Jupiters,12.234,2023,
TOI-237 b,124,2.67 Earths,16.37,2020,
TOI-2406 b,181,8.96 Earths,,2021,
TOI-2411 b,194,3.46 Earths,11.272,2022,
TOI-2421 b,1070,0.333 Jupiters,11.419,2022,
TOI-2427 b,93,3.89 Earths,10.295,2022,
TOI-2443 b,78,8.11 Earths,9.51,2023,
TOI-2445 b,158,2.1 Earths,15.692,2022,
TOI-244 b,72,2.68 Earths,12.861,2023,
TOI-2459 b,119,9.03 Earths,10.772,2023,
TOI-2497 b,931,4.82 Jupiters,9.547,2023,
TOI-2498 b,898,34.62 Earths,11.196,2023,
TOI-251 b,325,1 Jupiter,9.887,2021,
TOI-2525 b,1290,26.69759 Earths,14.216,2023,
TOI-2525 c,1290,0.657 Jupiters,14.216,2023,
TOI-2545 b,349,8 Earths,9.521,2022,
TOI-2567 b,1647,0.201 Jupiters,12.3,2022,
TOI-2570 b,1180,0.82 Jupiters,12.569,2022,
TOI-257 b,251,0.138 Jupiters,7.57,2021,
TOI-2583 A b,1847,0.25 Jupiters,12.586,2023,
TOI-2587 A b,1219,0.218 Jupiters,11.544,2023,
TOI-2589 b,653,3.5 Jupiters,11.415,2023,
TOI-262 b,143,4.94 Earths,8.91,2023,
TOI-2641 b,1122,0.386 Jupiters,11.693,2023,
TOI-2669 b,1283,0.61 Jupiters,10.916,2022,
TOI-269 b,186,8.8 Earths,14.37,2021,
TOI-270 b,73,1.58 Earths,12.603,2019,
TOI-270 c,73,6.15 Earths,12.603,2019,
TOI-270 d,73,4.78 Earths,12.603,2019,
TOI-277 b,211,7.51 Earths,13.632,2022,
TOI-2796 b,1143,0.44 Jupiters,12.475,2023,
TOI-2803 A b,1614,0.975 Jupiters,12.537,2023,
TOI-2818 b,1020,0.71 Jupiters,11.937,2023,
TOI-2842 b,1504,0.37 Jupiters,12.59,2023,
TOI-2977 b,,1.68 Jupiters,12.6334,2023,
TOI-3023 b,1272,0.62 Jupiters,12.252,2023,
TOI-3082 b,369,13 Earths,12.934,2023,
TOI-3235 b,238,0.665 Jupiters,15.16,2023,
TOI-332 b,727,0.17997 Jupiters,12.349,2023,
TOI-3331 A b,708,2.27 Jupiters,11.635,2022,
TOI-3362 b,1197,5.029 Jupiters,10.86,2021,
TOI-3364 b,907,1.67 Jupiters,11.875,2023,
TOI-3540 A b,,1.18 Jupiters,11.514,2022,
TOI-3629 b,424,0.26 Jupiters,14.639,2022,
TOI-3688 A b,1293,0.98 Jupiters,12.241,2023,
TOI-3693 b,576,1.02 Jupiters,11.948,2022,
TOI-3714 b,368,0.7 Jupiters,15.7,2022,
TOI-3757 b,591,0.26838 Jupiters,14.812,2022,
TOI-3785 b,260,14.95 Earths,14.595,2023,
TOI-3807 b,1376,1.04 Jupiters,11.856,2023,
TOI-3819 b,1821,1.11 Jupiters,12.542,2023,
TOI-3884 b,141,16.5 Earths,15.744,2022,
TOI-3912 b,1520,0.406 Jupiters,12.507,2023,
TOI-3976 A b,1683,0.175 Jupiters,12.403,2023,
TOI-3984 A b,355,0.14 Jupiters,15.694,2023,
TOI-4010 b,579,11 Earths,12.291,2023,
TOI-4010 c,579,20.31 Earths,12.291,2023,
TOI-4010 d,579,38.15 Earths,12.291,2023,
TOI-4010 e,579,2.17728 Jupiters,12.291,2023,
TOI-4087 b,984,0.73 Jupiters,12.107,2023,
TOI-411 b,205,13.71 Earths,8.270001,2022,
TOI-411 c,205,9.72 Earths,8.270001,2022,
TOI-4127 b,1043,2.3 Jupiters,11.441,2023,
TOI-4137 b,1093,1.44 Jupiters,11.31,2022,
TOI-4145 A b,670,0.43 Jupiters,12.084,2023,
TOI-4184 b,226,6.48 Earths,17.12,2023,
TOI-4201 b,617,2.48 Jupiters,15.163,2023,
TOI-421 b,244,7.17 Earths,9.931,2020,
TOI-421 c,244,16.42 Earths,9.931,2020,
TOI-4308 b,355,6.43 Earths,11.251,2023,
TOI-431 b,106,3.07 Earths,9.12,2021,
TOI-431 c,106,2.83 Earths,9.12,2021,
TOI-431 d,106,9.9 Earths,9.12,2021,
TOI-4329 b,2339,0.45 Jupiters,12.724,2022,
TOI-4342 b,201,5.76 Earths,12.669,2023,
TOI-4342 c,201,6.41 Earths,12.669,2023,
TOI-4406 b,854,0.3 Jupiters,10.937,2023,
TOI-444 b,187,8.1 Earths,9.86,2023,
TOI-4463 A b,565,0.794 Jupiters,11.036,2023,
TOI-4479 b,263,8.35 Earths,15.18,2022,
TOI-451 b,404,4.31 Earths,10.939,2020,
TOI-451 c,404,9.8 Earths,10.939,2020,
TOI-451 d,404,15.6 Earths,10.939,2020,
TOI-4562 b,1108,2.3 Jupiters,12.14,2023,
TOI-4582 b,1252,0.53 Jupiters,11.27,2023,
TOI-4600 b,705,3.02 Jupiters,12.577,2023,
TOI-4600 c,705,9.27 Jupiters,12.577,2023,
TOI-4603 b,736,12.89 Jupiters,9.24,2023,
TOI-470 b,426,17.4 Earths,11.171,2023,
TOI-4791 b,1073,2.31 Jupiters,11.541,2023,
TOI-481 b,585,1.53 Jupiters,9.972,2020,
TOI-4860 b,261,0.67 Jupiters,16.47,2023,
TOI-500 b,155,1.42 Earths,10.54,2022,
TOI-500 c,155,5.03 Earths,10.54,2022,
TOI-500 d,155,33.12 Earths,10.54,2022,
TOI-500 e,155,15.05 Earths,10.54,2022,
TOI-5153 b,1274,3.26 Jupiters,11.932,2022,
TOI-5174 b,643,24.8 Earths,11.583,2022,
TOI-519 b,377,0.463 Jupiters,17.35,2021,
TOI-5205 b,282,1.08 Jupiters,15.899,2023,
TOI-5238 b,948,23.7 Earths,12.214,2022,
TOI-5293 A b,529,0.54 Jupiters,16.19,2023,
TOI-530 b,485,0.4 Jupiters,15.403,2021,
TOI-532 b,441,0.1935 Jupiters,14.413,2021,
TOI-5398 b,427,Unknown,10.059,2022,
TOI-540 b,46,0.674 Earths,14.823,2020,
TOI-544 b,134,4.78 Earths,10.777,2022,
TOI-5542 b,1138,1.32 Jupiters,12.42,2022,
TOI-558 b,1313,3.61 Jupiters,11.233,2021,
TOI-559 b,761,6.01 Jupiters,11.091,2021,
TOI-561 b,280,2 Earths,10.252,2020,
TOI-561 c,280,5.39 Earths,10.252,2020,
TOI-561 d,280,13.2 Earths,10.252,2020,
TOI-561 e,280,12.6 Earths,10.252,2020,
TOI-564 b,651,1.463 Jupiters,11.097,2020,
TOI-5678 b,540,20 Earths,11.438,2023,
TOI-5704 b,292,10.5 Earths,11.529,2023,
TOI-5803 b,274,10.7 Earths,10.655,2023,
TOI-615 b,1176,0.435 Jupiters,10.825,2023,
TOI-620 b,108,13.6 Earths,12.262,2022,
TOI-622 b,402,0.303 Jupiters,8.995,2023,
TOI-628 b,583,6.33 Jupiters,10.112,2021,
TOI-640 b,1116,0.88 Jupiters,10.51,2021,
TOI-672 b,218,24.1 Earths,13.576,2023,
TOI-674 b,150,23.6 Earths,14.203,2021,
TOI-677 b,463,1.236 Jupiters,9.822,2020,
TOI-700 b,102,0.704 Earths,13.151,2020,
TOI-700 c,102,7.27 Earths,13.151,2020,
TOI-700 d,102,1.25 Earths,13.151,2020,
TOI-700 e,102,0.818 Earths,13.151,2023,
TOI-712 b,191,4.85 Earths,10.838,2022,
TOI-712 c,191,7.76 Earths,10.838,2022,
TOI-712 d,191,6.68 Earths,10.838,2022,
TOI-715 b,138,3.02 Earths,16.683,2023,
TOI-733 b,245,5.72 Earths,9.44,2023,
TOI-763 b,310,9.79 Earths,10.265,2020,
TOI-763 c,310,9.32 Earths,10.265,2020,
TOI-776 b,89,4 Earths,11.536,2020,
TOI-776 c,89,5.3 Earths,11.536,2020,
TOI-778 b,528,2.8 Jupiters,9.109,2023,
TOI-784 b,211,9.67 Earths,9.412,2023,
TOI-813 b,858,36.4 Earths,10.358,2020,
TOI-824 b,209,18.467 Earths,11.314,2020,
TOI-833 b,136,2.15 Earths,11.724,2022,
TOI-836 b,90,4.53 Earths,9.92,2023,
TOI-836 c,90,9.6 Earths,9.92,2023,
TOI-837 b,465,1.2 Jupiters,10.635,2020,
TOI-849 b,736,39.09 Earths,11.981,2020,
TOI-892 b,1111,0.95 Jupiters,11.43,2020,
TOI-905 b,518,0.667 Jupiters,11.08,2020,
TOI-908 b,573,16.137 Earths,11.316,2023,
TOI-913 b,213,6.59 Earths,10.452,2023,
TOI-942 b,498,2.6 Jupiters,11.982,2020,
TOI-942 c,498,37 Earths,11.982,2020,
TOI-954 b,779,0.174 Jupiters,10.343,2020,
TOI-969 b,252,9.1 Earths,11.646,2022,
TOI-969 c,252,11.3 Jupiters,11.646,2022,
TRAPPIST-1 b,41,1.374 Earths,17.02,2016,
TRAPPIST-1 c,41,1.308 Earths,17.02,2016,
TRAPPIST-1 d,41,0.388 Earths,17.02,2016,
TRAPPIST-1 e,41,0.692 Earths,17.02,2017,
TRAPPIST-1 f,41,1.039 Earths,17.02,2017,
TRAPPIST-1 g,41,1.321 Earths,17.02,2017,
TRAPPIST-1 h,41,0.326 Earths,17.02,2017,
TrES-1 b,521,0.84 Jupiters,11.424,2004,
TrES-2 b,702,1.49 Jupiters,11.254,2006,
TrES-3 b,755,1.91 Jupiters,12.362,2007,
TrES-4 b,1683,0.78 Jupiters,11.932,2007,
TrES-5 b,1175,1.79 Jupiters,13.677,2011,
TYC 0434-04538-1 b,2001,6.1 Jupiters,10.247,2021,
TYC 1422-614-1 b,2193,2.5 Jupiters,10.193,2014,
TYC 1422-614-1 c,2193,10 Jupiters,10.193,2014,
TYC 2187-512-1 b,50,0.33 Jupiters,10.58,2022,
TYC 3318-01333-1 b,1600,3.42 Jupiters,9.901,2018,
TYC 3667-1280-1 b,1558,5.4 Jupiters,9.856,2016,
TYC 4282-00605-1 b,1514,10.78 Jupiters,10.465,2017,
TYC 8998-760-1 b,309,14 Jupiters,11.124,2020,
TYC 8998-760-1 c,309,6 Jupiters,11.124,2020,
UKIRT-2017-BLG-001L b,20551,1.28 Jupiters,,2018,
Upsilon Andromedae b,44,0.6876 Jupiters,4.1,1996,
Upsilon Andromedae c,44,13.98 Jupiters,4.1,1999,
Upsilon Andromedae d,44,10.25 Jupiters,4.1,1999,
Upsilon Leonis b,172,0.51 Jupiters,4.3049,2021,
USco1556 b,459,15 Jupiters,15.36,2019,
USco1621 b,450,16 Jupiters,15.543,2019,
USco CTIO 108 b,470,14 Jupiters,,2008,
UZ Fornacis b,782,6.3 Jupiters,16.7753,2011,
UZ Fornacis c,782,7.7 Jupiters,16.7753,2011,
V0391 Pegasi b,3901,3.2 Jupiters,14.769,2007,
V1298 Tauri b,353,0.64 Jupiters,10.115,2019,
V1298 Tauri c,353,0.24 Jupiters,10.115,2019,
V1298 Tauri d,353,0.31 Jupiters,10.115,2019,
V1298 Tauri e,353,1.16 Jupiters,10.115,2019,
V830 Tauri b,424,0.7 Jupiters,12.23,2016,
VHS J125601.92-125723.9 b,41,16 Jupiters,17.73,2015,
WASP-100 b,1189,1.26 Jupiters,10.798,2014,
WASP-101 b,656,0.51 Jupiters,10.336,2014,
WASP-103 b,1225,1.49 Jupiters,12.402,2014,
WASP-104 b,607,1.272 Jupiters,11.779,2014,
WASP-105 b,552,1.8 Jupiters,12.049,2017,
WASP-106 b,1149,1.62 Jupiters,11.21,2014,
WASP-107 b,211,30.5 Earths,11.592,2017,
WASP-107 c,211,0.36 Jupiters,11.592,2020,
WASP-10 b,460,3.15 Jupiters,12.413,2008,
WASP-110 b,897,0.51 Jupiters,12.762,2021,
WASP-113 b,1419,0.475 Jupiters,11.761,2016,
WASP-114 b,1707,1.769 Jupiters,12.685,2016,
WASP-117 b,515,0.3 Jupiters,10.139,2014,
WASP-118 b,1229,0.514 Jupiters,11.009,2016,
WASP-119 b,987,1.23 Jupiters,12.314,2016,
WASP-11 b,407,0.79 Jupiters,11.567,2008,
WASP-120 b,1243,4.85 Jupiters,10.96,2016,
WASP-121 b,880,1.157 Jupiters,10.514,2016,
WASP-123 b,646,0.899 Jupiters,11.03,2016,
WASP-124 b,1463,0.6 Jupiters,12.724,2016,
WASP-126 b,706,0.28411 Jupiters,10.994,2016,
WASP-126 c,706,0.20199 Jupiters,10.994,2019,
WASP-127 b,520,0.1647 Jupiters,10.148,2016,
WASP-129 b,983,1 Jupiter,12.179,2016,
WASP-12 b,1394,1.465 Jupiters,11.569,2008,
WASP-130 b,562,1.23 Jupiters,11.104,2016,
WASP-131 b,653,0.27 Jupiters,10.068,2016,
WASP-132 b,401,0.41 Jupiters,11.938,2016,
WASP-132 c,401,37.35 Earths,11.938,2022,
WASP-133 b,1824,1.16 Jupiters,12.891,2016,
WASP-135 b,973,1.9 Jupiters,13.181,2015,
WASP-136 b,899,1.51 Jupiters,9.974,2016,
WASP-138 b,1351,1.22 Jupiters,11.796,2016,
WASP-139 b,693,37.18611 Earths,12.456,2016,
WASP-13 b,742,0.36 Jupiters,10.424,2009,
WASP-140 b,384,2.44 Jupiters,11.118,2016,
WASP-141 b,1685,2.69 Jupiters,12.65,2016,
WASP-142 b,2384,0.84 Jupiters,12.871,2016,
WASP-144 b,1160,0.44 Jupiters,13.085,2018,
WASP-145 A b,298,0.89 Jupiters,11.636,2018,
WASP-147 b,1423,0.275 Jupiters,12.681,2018,
WASP-148 b,804,0.287 Jupiters,12.036,2020,
WASP-148 c,804,0.392 Jupiters,12.036,2020,
WASP-14 b,528,8.84 Jupiters,9.745,2008,
WASP-150 b,1722,8.46 Jupiters,12.026,2020,
WASP-151 b,1478,0.316 Jupiters,12.821,2017,
WASP-153 b,1990,0.39 Jupiters,12.591,2017,
WASP-156 b,398,0.128 Jupiters,11.559,2017,
WASP-157 b,1090,0.574 Jupiters,12.397,2016,
WASP-158 b,1713,2.79 Jupiters,12.044,2018,
WASP-159 b,2334,0.55 Jupiters,12.836,2018,
WASP-15 b,920,0.54 Jupiters,10.972,2009,
WASP-160 B b,941,0.278 Jupiters,13.04,2018,
WASP-161 b,1119,2.49 Jupiters,11.079,2018,
WASP-162 b,1014,5.2 Jupiters,12.213,2018,
WASP-163 b,853,1.87 Jupiters,12.663,2018,
WASP-164 b,1068,2.13 Jupiters,12.603,2018,
WASP-165 b,1964,0.658 Jupiters,12.816,2018,
WASP-166 b,372,32.10083 Earths,9.351,2019,
WASP-167 b,1382,8 Jupiters,10.517,2017,
WASP-168 b,991,0.42 Jupiters,12.124,2018,
WASP-169 b,2045,0.561 Jupiters,12.167,2019,
WASP-16 b,633,1.24 Jupiters,11.288,2009,
WASP-170 b,997,1.6 Jupiters,12.613,2018,
WASP-171 b,2472,1.084 Jupiters,12.612,2019,
WASP-172 b,1755,0.47 Jupiters,10.988,2018,
WASP-173 A b,760,3.69 Jupiters,11.15,2018,
WASP-174 b,1338,0.33 Jupiters,11.803,2018,
WASP-175 b,1759,0.99 Jupiters,12.959,2019,
WASP-176 b,1854,0.855 Jupiters,12.006,2020,
WASP-177 b,577,0.508 Jupiters,12.312,2019,
WASP-178 b,1395,1.66 Jupiters,9.946,2019,
WASP-17 b,1324,0.78 Jupiters,11.588,2009,
WASP-180 A b,828,0.9 Jupiters,10.655,2019,
WASP-181 b,1427,0.299 Jupiters,12.924,2019,
WASP-182 b,1069,0.148 Jupiters,11.98,2019,
WASP-183 b,1061,0.502 Jupiters,13.081,2019,
WASP-184 b,2163,0.57 Jupiters,12.771,2019,
WASP-185 b,911,0.98 Jupiters,11.101,2019,
WASP-186 b,909,4.22 Jupiters,10.81,2020,
WASP-187 b,1212,0.8 Jupiters,10.295,2020,
WASP-189 b,325,1.99 Jupiters,6.59776,2020,
WASP-18 b,403,10.2 Jupiters,9.28,2009,
WASP-18 c,403,0.17368 Jupiters,9.28,2019,
WASP-190 b,1769,1 Jupiter,11.645,2019,
WASP-192 b,1660,2.3 Jupiters,12.678,2019,
WASP-193 b,1181,0.139 Jupiters,11.972,2023,
WASP-19 b,875,1.154 Jupiters,12.248,2009,
WASP-1 b,1282,0.854 Jupiters,11.308,2007,
WASP-20 b,691,0.311 Jupiters,10.675,2015,
WASP-21 b,843,0.3 Jupiters,11.59,2010,
WASP-22 b,1036,0.67 Jupiters,11.99,2010,
WASP-23 b,677,0.884 Jupiters,12.539,2010,
WASP-24 b,1051,1.24 Jupiters,11.219,2010,
WASP-25 b,690,0.44 Jupiters,11.875,2010,
WASP-26 b,824,0.85 Jupiters,11.297,2010,
WASP-28 b,1137,0.889 Jupiters,12.274,2014,
WASP-29 b,286,0.23 Jupiters,11.331,2010,
WASP-2 b,500,0.931 Jupiters,11.728,2007,
WASP-31 b,1252,0.478 Jupiters,11.658,2010,
WASP-32 b,900,2.63 Jupiters,11.257,2010,
WASP-33 b,398,2.093 Jupiters,8.14,2010,
WASP-34 b,431,0.56 Jupiters,10.285,2010,
WASP-35 b,660,0.71 Jupiters,10.939,2011,
WASP-36 b,1260,2.361 Jupiters,12.836,2011,
WASP-37 b,1281,1.8 Jupiters,12.815,2010,
WASP-38 b,444,3.44 Jupiters,9.391,2010,
WASP-39 b,698,0.28 Jupiters,12.095,2011,
WASP-3 b,754,2.43 Jupiters,10.632,2007,
WASP-41 b,533,0.85 Jupiters,11.632,2012,
WASP-41 c,533,3.18 Jupiters,11.632,2015,
WASP-42 b,578,0.527 Jupiters,12.169,2012,
WASP-43 b,283,1.78 Jupiters,12.305,2011,
WASP-44 b,1189,0.87 Jupiters,13.096,2011,
WASP-45 b,689,0.964 Jupiters,11.801,2011,
WASP-46 b,1224,1.91 Jupiters,13.043,2011,
WASP-47 b,864,1.14401 Jupiters,11.936,2012,
WASP-47 c,864,1.57 Jupiters,11.936,2015,
WASP-47 d,864,14.2 Earths,11.936,2015,
WASP-47 e,864,6.77 Earths,11.936,2015,
WASP-48 b,1481,0.8 Jupiters,11.647,2011,
WASP-49 b,635,0.37 Jupiters,11.352,2012,
WASP-4 b,872,1.186 Jupiters,12.483,2007,
WASP-50 b,603,1.4688 Jupiters,11.44,2011,
WASP-52 b,570,0.46 Jupiters,12.192,2012,
WASP-53 b,657,2.132 Jupiters,12.591,2017,
WASP-53 c,657,16.35 Jupiters,12.591,2017,
WASP-54 b,820,0.59 Jupiters,10.413,2012,
WASP-55 b,970,0.61 Jupiters,11.753,2012,
WASP-56 b,1047,0.45 Jupiters,12.091,2012,
WASP-57 b,1299,0.644 Jupiters,12.913,2012,
WASP-58 b,947,0.97 Jupiters,11.652,2012,
WASP-59 b,378,0.863 Jupiters,12.659,2012,
WASP-5 b,1008,1.58 Jupiters,12.147,2008,
WASP-60 b,1406,0.55 Jupiters,11.67,2012,
WASP-61 b,1594,2.68 Jupiters,12.489,2012,
WASP-62 b,573,0.52 Jupiters,10.213,2012,
WASP-63 b,948,0.37 Jupiters,11.155,2012,
WASP-64 b,1207,1.271 Jupiters,12.704,2012,
WASP-65 b,893,1.55 Jupiters,11.869,2013,
WASP-66 b,1632,2.35 Jupiters,11.605,2012,
WASP-67 b,618,0.43 Jupiters,12.537,2012,
WASP-68 b,739,1.08 Jupiters,10.674,2014,
WASP-69 b,163,0.29 Jupiters,9.873,2014,
WASP-6 b,643,0.37 Jupiters,11.907,2009,
WASP-70 A b,725,0.59 Jupiters,10.786,2014,
WASP-71 b,1183,1.39 Jupiters,10.56,2012,
WASP-72 b,1418,2.3 Jupiters,10.868,2012,
WASP-73 b,1033,2.86 Jupiters,10.468,2014,
WASP-74 b,487,0.72 Jupiters,9.75,2015,
WASP-75 b,959,1.07 Jupiters,11.591,2013,
WASP-76 b,634,0.92 Jupiters,9.518,2016,
WASP-77 A b,343,1.667 Jupiters,10.294,2012,
WASP-78 b,2460,1.11 Jupiters,11.965,2012,
WASP-79 b,805,0.85 Jupiters,10.044,2012,
WASP-7 b,529,0.96 Jupiters,9.504,2008,
WASP-80 b,162,0.538 Jupiters,11.841,2012,
WASP-81 b,1300,0.729 Jupiters,12.469,2017,
WASP-82 b,899,1.17 Jupiters,10.073,2015,
WASP-83 b,884,0.3 Jupiters,12.312,2015,
WASP-84 b,328,0.692 Jupiters,10.825,2014,
WASP-84 c,328,15.2 Earths,10.825,2023,
WASP-85 A b,463,1.265 Jupiters,10.72,2016,
WASP-87 b,973,2.18 Jupiters,10.727,2016,
WASP-88 b,1708,0.42 Jupiters,11.388,2014,
WASP-89 b,949,5.9 Jupiters,13.21,2015,
WASP-8 b,293,2.54 Jupiters,9.789,2010,
WASP-8 c,293,9.45 Jupiters,9.789,2013,
WASP-90 b,1522,0.63 Jupiters,11.618,2016,
WASP-91 b,489,1.34 Jupiters,11.98,2017,
WASP-92 b,1879,0.805 Jupiters,12.951,2016,
WASP-93 b,1208,1.47 Jupiters,10.966,2016,
WASP-94 A b,689,0.5 Jupiters,10.051,2014,
WASP-94 B b,681,0.618 Jupiters,10.589,2014,
WASP-95 b,449,1.44 Jupiters,10.092,2014,
WASP-96 b,1150,0.48 Jupiters,12.569,2014,
WASP-97 b,493,1.36 Jupiters,10.57,2014,
WASP-98 b,919,0.922 Jupiters,13.252,2014,
WASP-99 b,518,2.43 Jupiters,9.475,2014,
WD 0806-661 b,63,8 Jupiters,13.855,2011,
WD 1856+534 b,81,13.8 Jupiters,17.244,2020,
Wendelstein-1 b,996,0.592 Jupiters,15.564,2020,
Wendelstein-2 b,1845,0.731 Jupiters,16.186,2020,
WISE J033605.05-014350.4 b,,8.25 Jupiters,,2023,
WISEP J121756.91+162640.2 A b,33,22 Jupiters,,2012,
Wolf 1061 b,14,1.91 Earths,10.1,2015,
Wolf 1061 c,14,3.41 Earths,10.1,2015,
Wolf 1061 d,14,7.7 Earths,10.1,2015,
Wolf 1069 b,31,1.26 Earths,13.993,2023,
Wolf 503 b,145,6.27 Earths,10.27,2018,
WTS-1 b,7653,4.01 Jupiters,16.644,2012,
WTS-2 b,3362,1.12 Jupiters,15.954,2014,
Xi Aquilae b,183,1.941 Jupiters,4.70964,2007,
XO-1 b,534,0.83 Jupiters,11.251,2006,
XO-2 N b,503,0.566 Jupiters,11.246,2007,
XO-2 S b,494,0.26 Jupiters,11.196,2014,
XO-2 S c,494,1.37 Jupiters,11.196,2014,
XO-3 b,695,7.29 Jupiters,9.854,2007,
XO-4 b,889,1.42 Jupiters,10.814,2008,
XO-5 b,901,1.19 Jupiters,12.198,2008,
XO-6 b,768,4.4 Jupiters,10.247,2016,
XO-7 b,764,0.709 Jupiters,10.521,2019,
YSES 2 b,357,6.3 Jupiters,10.885,2021,
YZ Ceti b,12,0.7 Earths,12.074,2017,
YZ Ceti c,12,1.14 Earths,12.074,2017,
YZ Ceti d,12,1.09 Earths,12.074,2017,
